gender,height,hand_size,foot_size
1,166.7,180,260
1,165.6,179,263
1,172.9,188,240
0,168.5,182,243
0,160.2,175,234
0,164.2,176,247
0,158.9,158,238
0,153.1,164,227
0,153.8,161,220
0,163.2,163,232
0,165.1,171,245
0,174.5,187,254
0,153.2,167,229
0,158.4,170,226
0,158.1,161,222
1,171.5,183,258
1,164.6,173,235
1,175.7,185,247
1,174.4,186,261
1,169.8,177,253
1,166.9,171,232
1,173.1,178,239
1,171.3,188,255
0,156.5,167,234
0,167.2,168,226
0,157.8,170,228
0,156.1,161,220
0,163.1,180,230
0,161.2,170,236
0,161.7,173,237
0,166.9,171,233
0,162.8,167,223
0,159.6,179,236
0,163.9,177,246
0,169.0,181,258
0,153.0,158,218
0,170.9,178,239
0,159.1,175,237
0,168.5,181,250
0,161.7,173,239
0,169.9,174,243
0,157.6,172,232
0,167.7,172,237
0,158.6,172,238
0,162.2,172,238
0,156.5,166,218
0,159.1,172,227
0,164.8,174,226
0,165.7,173,238
0,166.0,173,238
0,160.6,168,234
0,154.0,161,222
0,155.5,169,230
0,169.3,181,246
0,163.8,182,250
0,160.8,171,237
0,162.5,166,222
0,153.5,153,213
0,161.0,172,240
0,160.5,160,224
0,154.6,169,223
0,156.4,163,233
0,158.5,168,237
0,160.0,162,230
0,154.0,170,228
0,177.0,197,263
0,162.7,173,231
0,159.2,169,222
0,165.9,182,249
0,153.6,162,229
1,170.4,188,254
1,164.0,165,230
1,172.8,173,243
1,172.2,185,262
1,175.7,191,256
1,178.8,185,255
1,170.0,182,250
1,175.2,176,246
1,173.6,190,264
1,176.4,184,256
1,177.5,182,250
1,173.4,186,250
1,177.1,184,259
1,172.0,172,250
1,178.1,192,268
1,175.1,182,243
1,166.4,176,257
1,169.1,178,250
1,179.0,189,254
1,172.0,181,247
1,183.7,191,268
1,172.5,178,249
1,183.0,184,265
1,178.6,186,257
1,184.1,193,267
1,172.7,181,260
1,168.4,185,248
0,162.1,173,234
0,161.1,170,231
0,160.0,165,223
0,159.9,173,233
0,163.7,167,233
0,158.6,167,224
0,152.1,153,206
0,160.3,171,234
0,170.2,174,251
0,171.1,185,247
0,164.0,170,232
0,166.6,170,233
0,163.7,176,238
0,154.2,165,226
0,161.2,163,236
0,155.8,172,216
0,162.2,173,232
0,160.7,166,228
0,167.9,172,233
0,155.1,163,226
0,166.8,169,239
0,167.4,178,227
0,167.2,166,224
0,163.8,178,243
0,158.1,168,235
0,162.8,169,236
0,163.6,164,220
0,153.1,162,210
0,170.0,186,248
0,162.9,164,222
0,156.7,160,213
0,169.7,179,241
0,158.2,165,227
0,148.5,145,198
0,164.4,176,233
0,170.4,183,250
0,170.1,180,251
0,163.4,174,240
0,161.5,167,238
0,160.2,159,225
0,164.8,172,247
0,161.2,173,235
0,168.3,178,238
0,168.5,174,231
0,167.7,180,249
0,159.0,166,225
0,163.3,167,226
0,169.8,179,242
0,158.2,173,227
0,157.0,159,224
0,166.6,185,244
0,160.4,164,217
0,165.1,168,231
0,163.5,177,236
0,163.1,175,240
0,158.2,179,232
0,164.5,183,250
0,170.6,180,243
0,164.5,177,236
0,158.1,169,226
0,157.5,177,238
0,169.6,175,238
0,156.9,164,208
0,153.9,172,234
0,172.7,182,252
0,157.2,164,214
0,165.2,169,236
0,161.6,172,240
0,161.8,168,222
0,155.3,165,208
0,160.0,168,227
1,174.2,195,255
1,185.0,199,268
1,172.6,196,257
1,178.3,202,262
1,173.7,188,258
1,174.9,197,257
1,163.8,174,238
1,177.6,188,257
1,177.6,186,254
1,160.1,168,234
1,181.0,196,271
1,176.1,187,257
1,180.6,194,273
1,167.4,183,241
1,178.5,198,252
1,175.6,203,267
1,185.3,201,275
1,179.5,184,248
1,182.0,191,269
1,182.0,197,268
1,180.4,188,269
1,173.7,182,252
1,175.9,188,265
1,176.4,194,261
1,173.3,192,270
1,181.8,201,280
1,171.3,178,242
1,166.5,174,230
1,167.4,174,242
1,173.3,184,250
1,177.2,187,243
1,176.1,184,250
1,168.2,175,243
1,175.9,183,252
1,183.1,203,272
1,174.0,185,256
1,183.3,192,256
1,169.5,173,246
1,165.0,178,253
1,185.6,181,258
1,156.9,169,232
1,167.7,170,240
1,170.0,185,233
1,173.8,193,256
1,177.1,186,261
1,172.8,188,260
1,178.0,184,251
1,174.8,189,261
1,175.1,188,253
1,176.5,189,268
1,175.8,186,246
1,177.2,193,272
1,182.7,201,268
1,178.8,196,270
1,179.0,184,255
1,173.5,178,245
1,174.6,191,266
0,154.7,174,230
0,163.8,179,233
0,160.6,174,235
0,157.7,167,229
0,155.4,166,219
0,170.3,180,257
0,166.2,187,244
0,160.9,168,221
0,154.9,167,224
0,159.0,167,226
0,158.3,169,226
0,161.8,171,231
0,152.4,163,225
0,164.1,174,226
0,166.5,174,238
0,161.4,173,237
0,158.5,164,224
0,162.7,180,248
0,165.6,183,247
0,156.7,173,234
0,164.5,171,228
0,164.1,180,229
0,157.5,169,225
0,167.2,175,249
0,158.5,175,231
0,158.1,173,226
0,152.2,166,224
0,164.9,175,240
0,153.0,153,211
0,155.4,166,224
0,165.4,184,240
0,169.7,186,250
0,169.0,174,240
0,151.4,169,218
0,152.5,161,211
0,159.7,175,230
0,159.5,172,233
0,161.2,172,235
0,164.9,177,239
0,154.8,161,227
0,164.6,174,240
0,172.1,177,238
0,161.9,172,230
0,159.3,172,241
0,160.0,169,229
0,161.2,163,222
0,166.0,177,234
0,160.3,168,228
0,164.9,169,231
0,163.5,162,234
0,160.7,170,225
0,158.6,162,222
0,153.8,159,218
0,158.9,166,217
0,153.7,163,220
0,167.4,186,250
0,163.0,177,240
0,157.2,160,218
0,160.5,168,238
0,152.2,158,215
0,156.2,168,230
0,158.3,172,223
0,172.6,176,234
0,172.5,175,245
0,160.8,166,237
0,164.9,175,240
0,156.0,172,226
0,158.0,173,232
0,159.5,171,225
0,150.2,163,209
0,162.7,172,234
0,159.4,182,240
0,169.9,178,233
0,167.8,178,243
0,160.1,167,242
0,156.8,168,234
0,161.2,170,235
0,159.1,172,225
0,157.8,167,229
0,164.4,173,232
0,161.9,164,223
0,163.1,168,235
0,157.2,169,226
0,162.4,172,240
0,156.0,172,222
0,159.4,163,225
0,160.2,168,228
0,158.9,170,227
0,159.0,167,237
0,161.1,174,240
0,157.7,169,227
0,156.0,171,229
0,167.0,174,238
0,165.5,172,235
1,164.8,188,251
1,176.5,184,257
1,177.1,197,258
1,163.4,178,242
1,167.3,180,245
1,174.6,181,246
1,171.1,179,239
1,174.0,182,256
1,174.7,185,258
1,173.2,189,253
1,171.5,186,244
1,186.1,194,262
1,168.9,186,248
1,162.1,169,227
1,176.1,182,266
1,176.5,194,247
1,172.0,187,250
1,166.0,180,243
1,174.7,185,251
1,178.4,191,252
1,176.6,192,250
1,183.0,197,281
1,166.4,183,249
1,171.8,186,248
1,176.3,177,252
1,176.6,190,270
1,182.8,197,264
1,166.0,177,238
1,185.2,177,257
1,167.3,181,253
1,184.1,190,268
1,170.7,181,263
1,175.8,187,254
1,169.3,185,256
1,170.3,178,242
1,166.5,168,238
1,170.9,169,252
1,178.6,193,254
1,176.5,189,254
1,169.2,186,249
1,178.9,185,254
1,176.8,195,265
1,174.4,175,248
1,166.4,174,237
1,173.4,189,250
1,187.7,200,268
1,166.8,179,253
1,175.8,184,253
1,173.6,170,252
1,176.9,190,263
1,174.1,184,252
1,174.4,183,258
1,169.6,187,253
1,179.0,185,243
1,173.6,179,242
1,167.1,172,246
1,169.1,184,248
1,176.4,179,264
1,171.2,176,240
1,177.9,201,267
0,162.2,166,225
0,156.7,167,229
0,164.7,169,236
0,163.2,160,218
0,164.7,163,237
0,171.5,182,244
0,162.9,176,243
0,167.6,173,244
0,159.4,161,213
0,181.0,184,201
0,163.6,173,236
0,162.7,166,233
0,156.4,169,231
0,168.1,182,247
0,157.0,161,223
0,154.5,158,214
0,177.2,183,243
0,168.7,168,238
0,151.9,157,211
0,171.2,186,261
0,159.9,171,237
0,164.1,174,237
0,166.1,174,239
0,154.6,160,211
0,161.0,164,232
0,150.8,154,221
0,174.7,172,237
0,161.0,180,240
0,152.9,162,224
0,157.8,168,235
0,171.0,173,236
0,159.5,177,245
0,161.0,176,224
0,158.4,170,236
0,161.8,162,243
0,159.4,166,242
0,159.0,163,225
0,158.8,158,218
0,163.5,179,248
0,166.5,173,238
0,168.2,172,243
0,155.5,172,236
0,167.7,165,226
0,163.6,166,248
0,159.5,169,232
0,150.8,158,217
0,157.5,157,220
0,176.1,187,235
0,158.5,162,226
0,167.7,170,237
0,153.3,157,208
0,162.5,180,242
0,158.2,167,222
0,167.0,173,228
0,170.1,186,256
0,166.6,177,241
0,172.1,182,249
0,162.0,173,219
0,167.1,183,252
0,159.7,169,230
0,158.1,167,230
0,159.9,166,229
0,154.3,161,223
0,161.5,170,231
0,162.0,173,233
0,158.5,164,221
0,168.0,188,250
0,152.4,166,214
0,153.8,166,226
0,154.5,161,225
0,161.0,162,227
0,156.9,159,221
0,159.7,163,232
0,160.9,164,225
0,161.6,171,234
0,161.8,166,236
0,163.3,178,246
0,151.6,156,211
0,163.7,171,231
0,167.8,172,236
0,162.5,171,235
0,163.3,168,228
0,162.2,173,238
0,154.8,161,231
0,152.1,160,225
0,159.4,158,220
0,165.6,177,234
0,158.2,165,219
0,155.1,164,223
0,167.3,177,235
0,159.1,165,226
0,167.4,180,244
0,161.4,178,242
0,160.7,168,226
0,161.9,163,230
0,158.6,151,212
1,184.2,198,271
1,175.6,191,248
1,173.1,180,255
1,170.1,185,252
1,185.1,192,258
1,170.3,178,253
1,179.5,195,262
1,184.3,185,256
1,167.9,166,228
1,177.7,179,245
1,175.4,190,261
1,171.5,180,245
1,171.0,187,265
1,177.0,183,251
1,178.1,185,253
1,173.2,184,258
1,179.4,193,263
1,173.7,184,253
1,191.0,195,272
1,174.1,192,250
1,168.1,186,248
1,181.0,189,269
1,180.9,194,267
1,184.4,199,260
1,169.1,179,242
1,174.5,181,251
1,182.9,186,263
1,167.8,178,242
1,181.9,201,268
1,182.6,184,274
1,170.6,188,260
1,176.2,175,243
1,158.6,173,232
1,177.4,180,262
1,179.9,183,257
1,172.4,181,255
1,163.5,173,246
1,179.4,182,269
1,191.0,191,272
1,164.0,185,256
1,173.0,187,253
1,172.6,188,255
1,174.3,182,259
1,176.9,185,264
1,180.3,186,259
1,181.9,196,268
1,169.5,176,251
1,176.5,180,251
1,174.9,185,259
1,175.0,184,256
1,171.1,180,246
1,169.2,170,242
1,181.7,189,267
1,172.6,176,248
1,161.3,171,234
1,185.4,177,258
1,172.0,191,255
1,182.9,187,261
1,180.0,187,247
1,173.0,181,248
1,171.3,185,245
1,187.3,190,267
1,173.6,190,258
1,180.9,196,266
1,176.1,186,250
1,162.6,175,240
1,171.4,180,253
1,178.3,181,267
1,173.5,192,254
1,164.2,165,240
1,173.1,180,245
1,166.7,186,265
1,176.4,185,255
1,171.9,178,253
1,177.5,175,250
1,169.6,178,254
1,171.1,186,252
1,178.2,184,256
1,176.0,188,266
1,174.9,173,259
0,159.2,171,228
0,160.9,161,223
0,164.8,164,232
0,155.6,161,226
0,164.1,176,254
0,159.6,170,227
0,164.8,175,236
0,166.5,178,230
0,162.1,167,230
0,164.4,172,233
0,148.1,153,211
0,156.5,167,219
0,165.7,177,236
0,158.6,166,227
0,157.1,169,235
0,162.4,168,233
0,162.2,172,236
0,163.7,167,225
0,161.2,168,222
0,158.6,163,226
0,164.6,177,234
0,167.8,184,249
0,156.9,163,213
0,162.6,169,237
0,159.3,168,226
0,161.7,174,244
0,164.2,170,227
0,157.0,157,226
0,165.5,169,231
0,162.4,168,231
0,163.4,165,226
0,164.1,179,243
0,167.9,169,234
0,149.8,157,193
0,162.7,167,222
0,157.6,163,227
0,155.1,158,228
0,153.7,164,218
0,162.8,166,223
0,167.6,174,239
0,155.6,155,223
0,169.7,172,230
0,162.4,164,232
0,155.6,152,218
0,162.0,158,221
0,159.3,174,221
0,157.7,171,224
0,161.8,172,235
0,164.3,161,219
0,162.9,166,238
0,158.1,165,226
0,166.1,175,251
0,164.1,180,244
0,158.5,164,237
0,156.1,168,232
0,165.8,167,234
0,162.9,172,229
0,163.3,172,245
0,156.8,163,236
0,160.8,169,227
0,161.7,169,240
0,159.0,167,232
0,170.2,171,234
0,167.6,176,237
0,154.9,157,218
0,160.1,168,242
0,160.5,167,240
0,152.9,160,220
0,166.1,172,236
0,156.3,165,231
0,164.4,173,245
0,164.9,176,243
0,161.5,169,237
0,162.6,163,232
0,162.9,171,229
0,161.1,173,229
0,154.8,169,223
0,162.6,178,237
0,168.2,173,236
0,160.3,166,216
0,165.0,168,237
0,164.8,173,228
0,161.5,170,229
0,168.1,150,240
0,160.6,171,236
0,162.8,174,238
0,155.9,160,217
0,164.4,168,242
0,162.1,177,239
0,164.9,172,240
0,166.1,174,228
0,161.4,164,221
0,155.8,154,210
0,162.5,174,242
0,154.9,159,224
0,168.4,177,243
0,156.5,161,230
0,162.8,172,231
0,157.6,166,226
1,178.6,196,274
1,174.6,186,260
1,169.3,178,247
1,179.0,192,265
1,181.1,191,255
1,169.4,183,252
1,176.4,178,254
1,167.0,181,253
1,167.2,175,255
1,188.7,203,292
1,171.6,176,249
1,172.0,171,241
1,176.2,180,260
1,175.1,193,268
1,177.3,186,250
1,172.3,177,252
1,179.4,193,259
1,174.3,177,247
1,168.4,194,249
1,182.0,207,277
1,176.0,185,258
1,176.0,195,261
1,166.1,172,244
1,171.9,184,264
1,177.4,194,263
1,178.8,196,268
1,181.6,184,267
1,169.1,187,253
1,168.6,185,249
1,171.5,180,246
1,175.4,188,255
1,176.5,191,272
1,170.6,178,260
1,175.6,180,249
1,174.8,181,253
1,175.8,195,271
1,169.1,186,264
1,173.9,186,256
1,173.8,186,251
1,175.8,177,254
1,172.0,180,254
1,173.0,187,249
1,177.0,190,258
1,174.1,188,264
1,182.5,194,264
1,169.6,175,249
1,184.6,188,258
1,168.6,177,242
1,170.8,185,254
1,169.3,175,235
1,180.6,185,257
1,185.0,186,277
1,176.5,186,258
0,164.4,173,243
0,158.6,170,235
0,158.6,177,233
0,171.8,180,244
0,171.3,170,235
0,167.7,170,236
0,162.9,165,228
0,157.1,159,221
0,169.0,177,236
0,158.0,162,225
0,159.2,167,236
0,164.9,167,230
0,166.5,177,245
0,155.8,157,221
0,158.3,167,233
0,155.7,169,219
0,158.2,167,220
0,176.0,187,255
0,156.6,163,225
0,160.2,164,237
0,155.6,168,233
0,161.5,170,224
0,159.8,178,243
0,164.7,166,232
0,156.4,159,224
0,162.9,174,235
0,165.8,174,242
0,160.6,164,237
0,158.9,164,217
0,153.9,161,219
0,156.2,158,224
0,162.6,168,235
0,162.7,179,238
0,152.9,166,226
0,165.0,168,231
0,160.5,170,235
0,164.0,172,234
0,165.5,181,254
0,154.3,169,225
0,162.7,163,228
0,163.7,170,238
0,156.8,165,221
0,167.1,173,236
0,164.4,172,241
0,154.3,160,223
0,158.6,167,238
0,158.5,167,226
0,151.9,160,217
0,163.7,163,229
0,157.4,165,219
0,163.0,173,228
0,167.0,175,244
0,154.7,157,217
0,171.0,173,244
0,157.8,161,215
0,160.8,175,242
0,158.6,170,224
0,156.4,168,234
0,152.9,159,221
0,158.8,169,242
0,155.3,159,220
0,165.4,166,234
0,159.9,169,231
0,163.9,177,234
0,170.0,177,252
0,162.2,169,237
0,153.2,160,221
0,161.1,167,226
0,161.6,158,222
0,152.3,157,223
0,158.9,173,236
0,164.4,178,230
0,153.1,162,226
0,158.6,165,237
0,171.7,176,230
0,162.6,170,238
0,156.0,158,219
0,156.8,159,217
0,161.8,179,245
0,157.9,164,227
0,158.9,162,239
0,163.4,171,232
0,168.2,175,235
0,158.0,168,225
0,164.7,172,222
0,157.1,168,230
0,153.7,158,211
0,165.5,176,244
0,164.6,174,238
0,154.0,164,224
0,166.2,173,244
0,166.1,173,242
0,167.8,178,237
0,163.0,170,230
0,158.1,172,231
1,173.6,182,241
1,179.5,188,258
1,182.5,180,264
1,183.5,188,284
1,185.2,196,290
1,173.5,185,262
1,169.8,172,254
1,176.1,181,255
1,173.0,185,254
1,170.2,180,253
1,174.0,180,248
1,171.0,188,253
1,179.3,187,254
1,163.9,176,232
1,175.3,194,256
1,173.4,190,261
1,177.2,195,252
1,177.2,191,267
1,175.8,189,259
1,177.3,183,263
1,177.2,184,266
1,176.2,178,242
1,176.5,197,269
1,175.8,180,260
1,184.6,193,255
1,177.9,189,256
1,182.2,191,274
1,174.4,192,266
1,176.1,185,267
1,166.4,178,228
1,176.6,185,249
1,184.2,196,252
1,178.4,194,268
1,166.3,170,232
1,187.2,196,267
1,170.3,176,238
1,178.6,178,243
1,175.5,179,255
1,179.9,194,253
1,180.4,190,253
1,173.4,189,255
1,171.8,180,249
1,171.6,191,255
1,171.2,178,254
1,166.8,176,243
1,174.5,186,239
1,176.5,191,264
1,175.8,180,260
1,172.5,180,254
1,184.1,188,262
1,184.9,193,275
1,175.0,186,259
1,185.4,193,269
1,178.8,195,272
1,175.4,182,261
1,172.9,179,255
0,158.7,168,230
0,153.6,163,222
0,163.6,177,244
0,165.2,183,242
0,153.1,160,222
0,165.4,169,244
0,158.9,167,232
0,162.7,172,228
0,155.2,166,232
0,160.6,173,236
0,169.3,185,249
0,153.7,172,238
0,157.9,169,227
0,170.6,184,243
0,173.6,180,257
0,157.8,160,218
0,167.9,165,240
0,163.5,169,247
0,155.5,167,220
0,157.4,159,217
0,162.3,170,223
0,168.9,179,248
0,162.8,176,235
0,163.1,164,224
0,144.4,155,205
0,154.6,164,221
0,160.1,161,229
0,167.0,175,229
0,159.4,166,228
0,158.7,156,226
0,164.9,174,245
0,159.7,168,234
0,159.7,159,213
0,153.3,159,219
0,164.4,173,236
0,170.3,182,244
0,162.6,177,241
0,162.3,161,230
0,160.8,167,225
0,158.3,162,225
0,166.2,177,241
0,159.6,171,231
0,160.2,162,235
0,160.8,169,225
0,159.6,171,231
0,158.9,167,226
0,164.9,175,234
0,158.9,161,235
0,162.0,161,220
0,163.8,172,227
0,160.7,161,222
0,163.2,168,228
0,156.6,160,218
0,164.6,165,213
0,165.1,179,237
0,167.1,171,225
0,154.6,162,228
0,159.0,173,230
0,154.4,168,228
0,160.0,172,240
0,155.6,160,216
0,157.8,165,225
0,162.1,170,217
0,152.1,156,218
0,164.0,178,246
0,158.4,163,224
0,163.6,176,236
0,155.9,164,221
0,168.6,169,227
0,153.7,165,229
0,160.1,171,234
0,161.2,174,236
0,160.0,172,232
0,158.1,166,222
0,156.9,162,215
0,152.8,167,224
0,164.5,172,234
0,167.0,173,230
0,159.0,160,236
0,158.5,158,221
0,164.3,175,235
0,156.2,157,211
0,160.0,164,228
0,163.0,168,240
0,157.4,169,235
0,156.8,172,235
0,156.9,161,234
0,164.3,171,238
0,165.1,174,240
0,162.1,171,230
0,166.5,176,243
0,155.4,165,228
0,157.1,170,218
0,164.2,165,235
0,171.3,179,239
0,161.9,169,225
0,162.5,176,234
0,156.5,167,213
0,162.5,164,227
0,161.3,168,223
0,170.0,183,254
0,161.1,176,240
0,156.0,171,227
0,167.3,182,250
0,162.9,169,238
0,155.6,169,222
0,163.8,170,239
0,164.3,171,236
0,165.6,183,245
0,165.5,173,235
0,159.6,166,228
1,173.5,184,254
1,172.8,180,256
1,174.8,195,275
1,183.0,186,267
1,167.2,173,243
1,187.6,197,274
1,170.8,172,235
1,166.1,178,238
1,179.3,183,252
1,173.2,176,255
1,168.8,176,240
1,175.1,181,250
1,170.0,177,244
1,172.7,177,252
1,178.2,196,264
1,173.7,188,260
1,168.4,175,239
1,181.2,191,273
1,166.4,172,240
1,167.0,174,242
1,166.7,171,248
1,175.6,191,253
1,169.2,180,245
1,171.9,176,241
1,167.3,171,228
1,171.6,171,235
1,177.3,191,251
1,175.5,196,257
1,177.0,179,250
1,178.1,193,258
1,176.9,185,255
1,177.1,195,263
1,175.4,178,254
1,174.4,183,259
1,172.1,185,246
1,180.9,186,256
1,180.8,199,273
1,175.0,177,247
1,168.8,183,251
1,176.1,176,259
1,177.2,186,263
1,175.8,188,258
1,178.5,176,251
1,174.4,180,253
1,174.1,182,253
1,177.3,189,260
1,174.3,186,242
1,169.6,176,244
1,174.8,186,238
1,183.6,196,270
1,177.8,186,257
1,175.9,187,262
1,181.0,181,261
1,174.6,181,253
1,176.8,180,243
1,175.4,202,271
1,184.0,203,271
1,175.9,184,253
1,183.3,190,263
1,174.4,181,252
1,175.8,181,255
1,177.6,183,260
1,172.4,166,239
1,171.0,183,250
1,161.8,169,235
1,173.6,185,258
1,175.9,184,263
1,182.0,195,254
1,171.8,188,257
1,187.6,195,284
1,170.2,166,244
1,162.7,177,237
1,180.7,180,257
1,169.4,177,253
1,181.5,183,257
1,167.5,172,231
1,172.9,177,261
1,175.9,189,253
1,185.3,185,273
1,175.9,180,250
1,175.3,188,273
1,177.5,189,263
0,160.7,169,232
0,164.0,167,233
0,153.5,156,218
0,155.3,161,213
0,167.0,170,234
0,163.1,169,239
0,164.4,168,235
0,163.9,167,235
0,165.4,173,243
0,162.5,167,236
0,163.3,167,230
0,158.9,163,221
0,164.1,164,226
0,157.4,171,230
0,166.0,175,240
0,154.1,154,218
0,164.6,164,236
0,159.8,170,228
0,154.7,160,215
0,155.8,165,219
0,165.1,178,252
0,169.0,178,239
0,159.4,173,223
0,156.3,170,227
0,165.1,173,237
0,163.0,168,235
0,161.4,171,223
0,160.9,166,232
0,161.4,171,221
0,160.6,166,228
0,153.1,167,225
0,162.4,168,236
0,165.1,177,225
0,162.8,164,234
0,167.6,177,242
0,157.9,161,220
0,167.8,176,239
0,165.5,170,234
0,170.0,181,242
0,157.1,158,215
0,170.8,177,238
0,152.7,161,220
0,159.2,177,250
0,163.4,168,228
0,152.5,161,220
0,167.4,168,240
0,158.1,167,225
0,154.6,163,215
0,167.9,166,237
0,172.5,181,238
0,163.0,171,230
0,165.3,177,238
0,168.5,165,243
0,156.1,159,217
0,153.3,166,223
0,168.7,171,239
0,158.7,159,218
0,157.3,167,226
0,159.2,167,228
0,158.1,165,230
0,156.5,164,218
0,166.0,173,246
0,163.9,158,225
0,165.9,176,241
0,170.6,169,242
0,154.2,160,219
0,154.7,158,210
0,166.0,169,237
0,159.9,162,230
0,165.3,171,231
0,160.8,167,222
0,158.9,165,222
0,151.4,159,214
0,158.2,166,233
0,165.9,163,230
0,163.0,171,225
0,168.6,170,232
0,166.5,175,231
0,161.5,170,226
0,163.6,182,248
0,159.4,172,235
0,162.4,177,234
0,169.1,172,245
0,163.1,160,216
0,159.9,160,221
0,167.4,174,239
0,159.3,155,221
0,154.4,160,223
0,156.8,162,223
0,163.4,161,230
0,158.0,162,220
0,159.0,173,232
0,161.2,164,227
0,166.3,172,238
0,155.3,170,230
0,161.8,159,224
0,158.5,170,225
0,169.7,178,251
0,157.7,167,227
0,169.2,185,254
0,167.0,170,235
0,168.4,169,230
0,156.1,163,215
0,159.7,164,230
0,160.2,165,239
1,180.9,184,256
1,175.9,181,250
1,170.0,167,247
1,173.1,176,246
1,167.9,184,251
1,166.0,176,234
1,176.8,192,251
1,168.2,168,231
1,172.5,183,255
1,189.5,198,282
1,183.5,197,269
1,178.5,183,261
1,174.8,184,247
1,173.7,189,258
1,177.1,169,249
1,172.1,192,256
1,183.4,197,258
1,174.5,188,264
1,180.2,192,274
1,167.2,166,235
1,182.4,195,267
1,163.7,170,233
1,178.9,195,270
1,171.1,178,249
1,183.2,198,264
1,173.2,184,242
1,178.1,182,260
1,164.7,175,250
1,175.1,192,255
1,179.2,189,253
1,177.7,184,244
1,173.1,180,248
1,169.8,182,251
1,180.8,183,256
1,168.2,180,245
1,170.3,179,251
1,174.9,192,253
1,172.3,180,247
1,169.5,177,257
1,173.8,182,250
1,171.6,182,256
1,176.6,178,250
1,174.5,191,271
1,174.7,179,252
1,175.2,186,243
1,180.3,191,267
1,173.8,178,245
1,167.7,183,256
1,176.1,194,259
1,171.0,182,250
1,172.0,180,252
1,168.9,182,246
1,178.0,191,267
1,176.2,180,263
1,175.1,185,270
1,180.8,188,264
1,179.5,191,266
1,175.5,190,255
1,177.2,180,263
1,173.7,185,260
1,169.4,176,250
1,173.6,182,247
1,179.7,187,257
1,178.2,186,268
1,181.6,191,268
1,173.1,177,244
1,179.1,189,273
1,177.0,192,262
1,167.6,180,243
1,180.4,202,270
1,169.2,184,250
1,170.9,181,252
1,172.9,192,257
1,175.6,184,258
1,177.5,200,265
1,176.4,180,246
1,171.0,177,237
1,172.6,178,261
1,161.9,175,249
1,176.4,181,249
1,179.4,188,248
1,177.5,189,263
1,166.9,177,234
1,166.7,186,254
1,171.7,177,245
1,174.0,191,259
1,179.0,190,251
0,163.4,163,234
0,163.5,167,236
0,157.4,157,217
0,145.0,152,212
0,159.9,177,234
0,163.0,163,222
0,161.1,165,229
0,164.2,164,227
0,158.4,166,226
0,157.1,160,216
0,162.2,165,221
0,161.0,161,238
0,160.1,169,235
0,160.2,171,224
0,160.0,170,234
0,157.5,158,215
0,169.1,185,252
0,156.3,160,227
0,169.6,163,235
0,155.1,162,228
0,154.8,148,210
0,161.9,170,234
0,163.1,176,239
0,157.4,169,227
0,153.6,157,215
0,162.5,160,232
0,168.9,176,244
0,161.1,166,230
0,156.5,162,217
0,160.1,166,236
0,168.1,180,247
0,161.2,162,219
0,156.0,158,217
0,163.6,169,237
0,165.5,166,234
0,164.7,171,235
0,158.6,172,230
0,150.9,158,217
0,156.1,169,227
0,154.1,158,214
0,171.3,180,251
0,153.4,163,217
0,163.0,172,237
0,163.5,173,237
0,166.5,173,244
0,153.0,151,203
0,159.1,164,220
0,164.7,185,244
0,156.7,164,228
0,166.6,173,239
0,159.3,167,229
0,163.3,162,228
0,156.9,159,219
0,158.3,172,231
0,166.8,174,222
0,163.5,160,221
0,158.6,162,226
0,153.7,166,219
0,153.9,160,227
0,160.8,160,225
0,152.1,166,224
0,169.8,179,238
0,158.4,158,216
0,163.1,168,236
0,172.6,174,235
0,157.4,166,218
0,153.4,158,213
0,168.8,164,231
0,167.2,179,241
0,161.0,162,226
0,167.2,174,250
0,158.3,159,223
0,164.4,177,232
0,163.5,167,229
0,162.0,172,242
0,163.9,177,238
0,162.4,172,229
0,158.7,167,231
0,167.9,165,232
0,166.1,175,238
0,160.8,170,241
0,160.5,169,232
1,176.5,181,256
1,176.0,191,259
1,178.8,190,264
1,182.8,196,260
1,184.2,207,278
1,174.6,177,253
1,168.3,183,243
1,169.0,172,246
1,180.4,186,256
1,174.9,192,265
1,164.6,163,216
1,172.8,178,250
1,167.4,186,246
1,171.7,172,236
1,172.4,174,256
1,170.2,185,247
1,178.1,190,251
1,167.0,186,245
1,162.2,173,239
1,175.9,182,252
1,165.9,174,242
1,171.3,180,250
1,172.2,185,242
1,181.7,204,265
1,177.9,190,253
1,170.8,176,250
1,175.9,190,264
1,177.4,189,262
1,174.5,183,251
1,164.9,177,240
1,174.4,181,241
1,178.3,188,263
1,173.3,186,260
1,172.8,182,247
1,182.2,187,247
1,177.8,192,259
1,169.3,177,245
1,171.0,186,261
1,187.6,204,282
1,168.7,177,242
1,168.7,177,262
1,179.7,183,258
1,180.2,197,270
1,179.7,193,272
1,166.3,176,248
1,181.0,201,263
1,167.8,179,245
1,171.2,179,257
1,180.7,189,251
1,168.8,178,248
1,178.3,187,264
1,174.2,185,243
1,181.7,180,242
1,178.2,195,262
1,181.4,196,264
1,179.5,191,277
1,182.2,187,274
1,170.7,186,253
1,170.5,175,242
1,180.7,186,262
1,165.4,167,242
1,168.5,178,253
1,177.9,193,250
1,179.5,186,261
1,176.1,191,268
1,177.2,180,256
1,176.0,185,262
1,182.8,189,258
1,180.2,190,265
1,186.7,201,280
1,176.2,190,258
1,170.3,177,236
1,174.5,176,253
1,171.2,184,259
1,171.6,188,250
1,179.6,186,255
1,171.1,183,248
1,168.8,186,243
1,180.4,198,268
1,171.3,182,237
1,170.5,185,254
1,173.2,165,238
1,168.2,183,228
1,174.3,178,249
0,158.6,176,243
0,161.3,178,237
0,163.1,179,238
0,161.8,174,228
0,160.4,158,231
0,166.5,175,251
0,161.0,169,232
0,158.5,167,220
0,149.7,158,213
0,163.3,181,238
0,161.9,160,228
0,155.6,166,225
0,157.8,168,232
0,162.5,169,225
0,160.6,164,224
0,166.8,179,234
0,163.5,171,236
0,162.3,175,230
0,165.3,180,231
0,156.0,156,218
0,162.7,169,233
0,169.0,173,246
0,157.4,155,228
0,160.0,159,217
0,151.2,164,210
0,161.2,172,245
1,170.9,185,248
1,173.9,176,240
1,171.0,188,251
1,179.8,195,265
1,169.4,174,243
1,176.1,187,245
1,178.1,189,243
1,170.2,180,233
1,174.8,180,241
1,164.8,164,229
1,174.5,193,261
1,168.7,182,240
1,174.6,188,259
1,175.4,186,256
1,176.7,189,256
1,180.0,186,256
0,159.0,163,220
0,155.7,160,228
0,163.5,175,233
0,167.8,178,231
0,159.0,167,216
0,161.8,166,225
0,161.6,172,246
0,151.9,151,210
0,162.3,168,226
0,162.6,171,228
0,171.6,185,248
0,164.4,160,227
0,157.1,163,225
0,161.8,167,236
1,171.0,184,257
1,174.1,181,249
1,168.6,175,238
1,187.6,184,268
1,173.3,188,255
1,175.8,188,262
1,168.0,169,241
1,184.5,201,276
1,180.6,190,252
1,178.0,186,254
1,173.9,189,248
1,183.6,193,258
1,164.4,166,239
1,182.9,201,261
1,175.2,188,267
1,163.4,170,226
1,175.1,180,255
1,165.6,177,238
1,178.3,187,265
1,164.6,174,246
1,184.4,187,261
1,174.7,192,257
1,174.4,186,250
1,181.6,187,259
1,169.3,175,248
1,174.2,182,243
1,177.7,182,251
1,177.5,189,261
1,178.5,181,265
1,165.2,189,252
1,171.1,188,250
1,171.2,173,242
1,165.9,177,239
1,166.9,172,238
1,175.9,188,262
1,178.3,186,270
1,175.1,183,244
1,173.7,181,245
1,177.2,174,248
1,182.0,188,264
1,179.4,192,256
1,179.7,189,266
1,178.5,189,245
1,176.4,176,253
1,169.4,181,237
1,174.5,193,268
1,180.3,202,271
1,178.6,177,243
1,178.9,183,255
1,176.1,178,268
1,181.0,190,268
1,171.1,178,248
1,169.1,177,252
1,175.1,187,263
1,179.2,198,263
1,177.8,185,260
1,173.6,180,253
1,167.8,178,236
1,177.0,170,242
1,174.4,177,247
1,172.5,180,253
1,174.2,180,248
1,169.7,187,253
1,167.4,181,253
1,167.2,171,227
1,184.1,188,254
1,173.9,179,255
1,180.8,180,257
1,164.3,172,232
1,174.8,175,243
1,176.0,185,259
1,169.6,179,243
1,171.7,190,257
1,181.2,192,275
1,172.8,179,253
1,177.2,183,256
1,179.9,189,265
1,172.3,176,248
1,170.6,177,238
1,174.2,187,261
1,176.0,177,256
1,183.6,194,274
1,178.0,190,260
1,171.1,183,261
1,180.4,195,263
1,177.5,184,264
1,176.1,188,253
1,161.3,165,223
1,170.0,186,261
1,156.0,169,224
1,175.0,184,256
1,172.3,180,246
1,172.0,191,253
1,175.5,181,243
0,161.5,180,232
0,162.1,174,237
0,159.6,166,230
1,166.0,177,236
1,165.0,181,243
1,174.6,182,252
1,167.0,177,240
1,171.0,192,256
1,169.2,180,249
1,162.6,163,230
1,162.0,174,238
1,169.7,173,249
1,167.5,177,232
1,174.8,188,262
1,164.8,183,248
1,165.0,181,247
1,164.0,178,247
1,170.0,185,254
1,179.2,198,267
1,170.0,182,254
1,170.1,189,258
1,168.0,174,248
1,162.6,178,249
1,176.2,189,253
1,180.2,192,264
1,175.3,193,267
1,166.0,173,244
1,177.5,194,269
1,169.2,177,242
1,172.2,192,258
1,160.6,167,229
1,167.8,179,246
1,177.0,190,262
1,176.0,188,244
1,162.6,173,239
1,171.0,177,244
1,174.6,191,257
1,181.0,199,268
1,163.0,170,230
1,167.1,181,256
1,167.0,185,246
1,174.1,183,255
1,171.9,181,242
1,176.3,187,253
1,171.8,185,253
1,172.0,184,253
1,172.0,188,257
1,174.4,178,249
1,176.7,185,265
1,176.9,203,266
1,167.5,177,238
1,169.7,183,246
1,169.8,178,237
1,168.3,174,250
1,173.3,185,244
1,175.9,188,242
1,176.2,188,251
1,168.5,193,257
1,164.5,181,251
1,173.5,176,245
1,169.2,184,239
1,164.7,175,236
1,170.2,174,239
1,179.2,191,259
1,175.2,186,260
1,169.2,172,236
1,180.8,196,258
1,171.0,177,259
1,166.0,193,246
1,178.3,171,261
1,166.3,178,234
1,171.0,177,251
1,166.6,178,237
1,169.1,183,252
1,161.0,169,226
1,168.5,186,251
1,174.3,186,246
1,163.0,181,242
1,162.3,176,236
1,175.3,186,275
1,169.1,177,247
1,174.8,187,259
1,170.2,186,248
1,176.2,191,255
1,168.0,182,248
1,172.1,174,243
1,152.5,169,228
1,161.1,178,249
1,174.4,187,262
1,173.2,189,257
1,171.2,179,242
1,171.5,186,253
1,174.5,190,256
1,190.2,213,276
1,170.0,179,256
1,167.5,185,250
0,153.3,167,226
0,156.4,178,229
1,179.6,200,259
1,175.7,182,251
1,165.5,178,262
1,179.8,193,265
1,161.4,171,244
1,174.5,189,272
1,177.0,177,240
1,162.0,179,245
1,167.3,188,260
1,172.5,184,262
1,175.5,175,247
1,170.8,189,265
1,166.7,178,246
1,165.0,182,248
1,169.0,171,232
1,164.7,177,243
1,171.0,191,250
1,168.4,165,233
1,168.8,184,252
1,165.6,179,255
1,167.0,182,252
1,167.6,182,247
1,170.8,179,254
1,179.3,192,270
1,167.4,186,253
1,179.4,186,257
1,172.5,172,236
1,174.0,177,244
1,177.7,185,261
1,171.8,176,245
1,172.4,187,257
1,172.5,191,263
1,170.5,188,255
1,182.5,184,264
1,170.0,192,251
1,167.7,181,235
1,174.8,184,248
1,174.1,192,251
1,175.5,190,260
1,156.4,169,236
1,171.4,180,248
1,172.0,192,258
1,167.3,184,250
1,177.5,195,266
1,171.8,171,244
1,168.5,182,241
1,176.4,186,247
1,176.3,181,252
1,171.0,177,249
1,172.5,190,256
1,168.5,172,242
1,162.6,169,230
1,175.9,181,256
1,164.3,185,237
1,179.2,189,260
1,173.4,189,247
1,168.0,179,241
1,174.3,187,251
1,173.0,187,250
1,173.3,192,254
1,169.1,172,239
1,163.5,181,236
1,169.4,182,248
1,174.0,185,245
1,164.4,180,239
1,180.7,191,262
1,169.2,180,247
1,174.7,189,252
1,167.5,188,254
1,161.5,174,237
1,178.3,190,250
1,170.8,178,255
1,177.7,203,262
1,165.3,177,240
1,178.5,194,269
1,166.5,186,247
1,168.4,178,252
1,172.2,177,248
1,170.2,186,256
1,167.7,182,247
1,166.1,168,230
1,160.0,169,231
1,170.4,195,260
1,173.5,183,248
1,164.1,177,241
1,162.4,180,239
1,164.2,183,241
1,164.6,181,237
1,167.5,179,241
1,170.6,182,240
1,180.4,191,255
1,172.0,175,243
1,173.5,187,265
1,182.7,201,267
1,163.5,182,244
1,174.3,184,252
1,172.7,190,266
1,187.0,202,284
1,169.6,182,260
1,177.2,205,265
1,175.9,186,250
1,167.5,187,254
1,167.3,176,253
1,161.0,174,229
1,167.2,177,246
1,167.4,172,247
1,176.5,194,253
0,155.8,175,230
0,152.4,165,227
0,164.4,174,237
0,158.6,167,225
0,160.5,169,230
0,158.0,165,229
0,161.7,177,246
0,153.2,170,238
0,150.0,164,217
0,155.1,164,241
0,158.4,180,231
0,164.7,181,235
1,172.5,173,253
1,164.1,174,242
1,169.0,178,244
1,170.6,175,262
1,167.5,180,259
1,166.4,181,252
1,166.5,176,241
1,166.0,189,252
1,167.6,179,243
1,170.0,189,254
1,168.3,171,237
1,172.6,178,260
1,169.0,184,255
1,170.0,185,245
1,168.5,172,236
1,176.1,176,260
1,171.0,177,250
1,174.0,179,252
1,167.0,181,242
1,166.0,176,254
1,167.0,170,243
1,173.5,184,257
1,172.0,176,244
1,172.6,188,248
1,172.0,182,257
1,172.6,178,249
1,169.5,185,257
1,169.0,166,241
1,174.5,189,262
1,170.5,179,253
1,154.6,167,237
1,172.3,192,260
1,163.5,181,247
1,168.5,178,238
1,181.8,192,255
1,172.3,192,260
1,164.8,170,241
1,161.2,172,235
1,170.3,188,257
1,163.1,180,236
1,177.3,187,263
1,171.0,186,257
1,162.0,174,245
1,169.5,182,251
1,177.0,189,265
1,171.5,184,251
1,167.3,178,251
1,167.5,175,235
1,167.8,172,234
0,158.2,165,223
0,153.0,157,217
0,162.7,174,226
0,157.3,172,231
0,154.0,171,221
0,163.0,183,240
0,156.3,164,228
0,155.0,176,235
0,154.2,165,222
0,153.5,156,220
0,168.0,186,251
0,156.5,167,230
0,150.0,155,212
0,162.0,179,248
0,162.3,177,242
0,161.7,165,226
0,157.5,165,220
0,158.0,183,237
0,157.0,170,222
0,152.8,159,223
0,153.3,163,224
0,143.5,158,219
0,160.2,172,236
0,156.2,159,220
0,153.8,162,216
0,161.2,171,222
0,157.1,178,238
0,164.2,184,241
0,158.8,176,231
0,162.5,183,245
0,158.3,174,234
0,156.8,174,227
0,161.7,177,231
0,160.0,179,238
0,153.5,172,230
0,162.0,181,247
0,160.0,174,235
0,161.6,173,235
0,155.0,158,216
0,156.3,180,238
0,156.0,181,230
0,160.5,171,240
0,152.8,164,214
0,165.8,174,230
0,147.4,161,220
0,155.3,159,226
0,151.5,154,204
0,164.4,167,224
0,155.0,174,236
0,158.5,173,236
0,154.8,166,220
0,157.2,182,238
0,153.5,165,220
0,157.2,163,228
0,159.3,167,232
0,161.4,177,236
0,147.8,155,217
0,152.5,165,232
0,160.2,171,232
0,163.0,180,234
0,162.0,183,252
0,164.0,179,244
0,159.0,171,232
0,152.5,180,229
0,157.6,165,231
0,156.7,171,219
0,155.3,171,230
0,151.7,158,225
0,171.7,186,247
0,166.6,180,255
0,159.0,174,229
0,152.5,166,225
0,155.7,157,220
0,156.5,170,220
0,166.8,184,245
0,159.0,176,234
0,165.1,171,229
0,156.0,163,228
0,154.6,171,239
0,155.0,169,231
0,155.7,170,228
0,161.0,173,233
0,158.5,169,223
0,151.2,173,234
0,169.5,189,246
0,160.5,177,231
0,154.5,161,219
0,149.5,158,208
0,158.0,171,232
0,158.0,166,233
0,165.5,180,238
0,161.2,163,230
0,155.5,162,214
0,166.0,186,236
0,169.5,178,238
0,155.5,164,228
0,156.8,175,242
0,153.0,166,222
0,156.5,161,224
0,151.0,175,238
0,159.0,170,235
0,162.7,164,230
0,162.8,179,234
0,158.6,176,234
0,153.0,170,229
0,160.5,175,242
0,151.6,161,213
0,156.8,162,222
0,168.7,180,243
0,163.3,169,234
0,160.0,178,235
0,161.5,175,227
0,152.5,169,219
0,155.0,168,230
0,152.8,166,215
0,159.0,169,228
0,160.0,166,222
0,161.8,179,236
0,140.2,159,208
0,161.0,166,222
0,150.0,163,217
0,159.2,161,225
0,160.2,169,225
0,157.3,161,211
0,160.2,178,239
0,166.0,187,258
0,163.6,171,232
0,158.5,172,235
0,156.5,164,232
0,156.4,178,235
0,166.5,176,238
0,159.0,171,217
0,157.6,169,225
0,156.0,172,231
0,159.6,169,230
0,159.0,176,232
1,164.2,180,238
1,177.4,186,254
1,179.8,191,254
1,184.8,195,261
1,183.0,195,254
1,175.6,194,263
1,168.0,182,251
1,173.7,190,261
1,169.5,185,238
1,176.2,194,251
1,154.0,172,229
1,171.5,186,244
1,175.6,179,246
1,171.0,194,267
1,164.0,178,234
1,173.7,190,246
1,170.0,186,259
1,172.8,188,242
1,161.7,174,238
1,180.0,196,260
1,162.0,183,240
1,178.1,184,259
1,182.0,199,264
1,172.5,190,255
1,177.5,186,255
1,171.5,199,262
1,173.6,192,253
1,173.0,197,259
1,166.5,185,245
1,167.5,183,250
1,172.6,183,242
1,178.7,188,262
1,163.3,180,236
1,175.0,188,267
1,168.0,183,258
1,162.0,178,237
1,158.8,177,241
1,177.7,183,250
1,173.2,184,255
0,158.3,168,226
0,157.0,170,225
0,157.3,172,233
0,155.7,175,237
0,164.0,177,241
0,153.5,172,232
0,160.3,171,220
0,166.8,188,246
0,159.5,173,233
0,156.0,165,228
1,173.5,185,249
1,167.5,186,250
1,168.0,182,237
1,177.7,208,275
1,172.3,186,260
1,166.3,176,247
1,167.0,177,238
1,176.0,195,266
1,170.0,190,252
1,179.0,192,257
1,163.6,188,253
1,165.7,175,226
1,172.0,193,257
1,178.1,198,265
1,162.5,181,260
1,173.0,184,250
1,171.5,181,251
1,163.5,172,242
1,166.5,185,244
1,171.0,184,247
1,177.3,189,259
1,178.8,204,274
1,171.3,182,247
1,165.5,194,258
1,173.3,170,240
1,180.8,198,276
0,153.2,173,225
0,160.1,185,235
0,157.2,169,238
0,164.4,171,225
0,155.0,161,225
0,159.5,172,235
0,158.8,172,225
0,154.0,174,233
0,153.5,167,223
0,164.0,168,237
0,162.0,178,244
0,154.6,167,232
0,156.8,166,224
0,155.5,167,225
0,158.5,181,223
0,163.1,173,232
0,154.0,168,218
0,161.3,172,219
0,165.7,182,242
0,158.4,166,230
0,157.0,176,238
0,163.8,178,242
0,159.5,171,232
0,165.0,188,250
0,166.8,170,240
0,154.2,167,234
0,160.0,171,239
1,171.4,185,249
1,170.8,186,260
1,171.4,178,224
1,180.0,198,273
1,179.5,196,261
1,169.8,190,247
1,161.0,175,237
1,163.0,179,230
1,165.0,177,239
1,174.0,184,255
1,168.3,183,242
1,168.5,187,254
1,172.2,183,263
1,178.6,197,259
1,181.0,191,262
1,174.1,184,244
1,176.5,187,263
1,158.5,174,233
1,172.4,187,251
1,173.5,179,239
1,171.8,184,245
1,170.5,185,250
1,167.1,177,234
1,168.1,179,257
1,174.3,196,258
1,176.6,187,263
1,177.3,194,260
0,165.9,173,230
0,157.2,165,223
0,173.8,176,248
0,157.5,175,225
0,160.4,166,234
0,161.4,187,237
0,156.7,162,218
0,161.7,170,237
0,163.5,182,238
0,167.8,185,246
0,157.0,174,236
0,156.4,162,222
0,160.3,173,238
0,156.2,171,214
0,153.4,164,216
0,160.5,173,231
0,161.7,177,243
0,156.9,168,226
0,150.6,169,222
0,156.0,182,239
0,160.2,184,234
0,157.5,172,222
0,151.2,173,228
0,145.2,160,214
0,157.5,177,234
0,152.0,161,212
0,170.1,170,244
0,160.3,172,235
0,162.3,175,245
0,155.0,163,212
0,153.5,169,231
0,164.0,177,238
0,162.3,183,237
0,156.0,182,234
0,157.2,171,233
0,164.2,174,229
0,156.8,165,222
0,145.7,160,207
0,154.4,168,223
0,158.8,168,223
0,161.0,169,234
0,156.7,174,228
0,158.4,175,234
0,167.5,185,248
0,156.0,169,227
0,161.7,179,238
0,155.8,167,226
0,152.5,156,223
0,154.4,164,233
0,165.5,177,233
0,147.4,169,216
0,157.0,168,234
0,154.0,168,223
0,158.1,166,234
0,163.5,173,240
0,161.3,169,227
0,156.5,171,230
0,159.6,167,230
0,161.5,179,240
0,166.5,185,247
0,170.0,170,242
0,160.8,176,233
0,159.4,172,226
0,154.0,165,226
0,146.0,164,218
0,152.7,171,228
0,152.3,166,220
0,163.4,167,232
0,163.0,170,233
0,152.3,166,223
0,158.3,162,226
0,164.7,175,236
0,158.0,175,233
0,154.3,159,223
0,157.8,175,236
0,159.3,166,230
0,158.5,174,240
0,165.6,175,229
0,159.3,181,244
0,167.8,184,248
0,161.2,175,242
0,154.8,175,230
0,163.0,176,238
0,152.0,160,215
0,157.3,180,238
0,155.2,169,235
0,153.5,162,218
0,157.5,167,227
0,161.3,169,229
0,156.0,168,231
0,151.1,167,223
0,163.1,163,228
0,151.2,170,228
0,154.8,182,236
0,161.6,171,247
0,159.5,163,233
0,161.6,176,234
0,154.7,173,230
0,153.5,172,227
0,152.7,165,219
0,161.0,175,238
0,154.2,177,233
0,163.9,185,240
0,163.1,172,235
0,161.7,176,238
0,164.4,174,234
0,168.0,188,249
0,154.2,166,228
0,151.6,179,230
0,152.5,162,224
0,155.6,175,244
0,164.1,172,231
0,163.1,176,242
0,163.2,175,230
0,160.8,168,231
0,169.1,174,225
0,165.0,179,240
0,156.5,172,230
0,158.2,166,221
0,154.8,172,228
0,156.4,159,224
0,160.6,171,232
0,163.3,174,238
0,154.7,165,214
0,154.3,162,223
0,168.3,183,235
0,160.0,174,233
0,158.7,178,236
0,157.0,157,222
0,161.0,176,240
0,160.0,178,237
0,153.6,161,215
0,153.8,168,222
0,162.0,175,238
0,159.5,179,242
0,140.0,157,201
1,167.6,175,249
1,172.3,189,257
1,173.0,179,244
1,169.5,194,260
1,174.2,184,250
1,164.0,165,234
1,162.0,182,248
1,163.7,168,219
0,151.7,166,231
0,152.4,155,221
0,153.5,166,220
0,156.5,176,235
0,158.5,184,238
0,152.2,169,223
0,164.5,193,241
0,170.0,189,248
0,156.8,173,238
0,151.3,159,221
0,154.0,172,235
0,152.0,167,231
0,157.6,172,218
0,157.2,181,238
0,157.3,165,238
1,178.0,199,260
1,165.0,170,245
1,163.5,190,252
1,166.6,178,250
1,182.3,194,263
0,161.0,155,223
0,156.3,175,233
0,151.7,170,226
0,155.8,181,240
0,155.6,183,233
0,152.0,169,222
0,154.6,165,226
0,154.0,169,230
0,158.5,171,228
0,154.6,172,229
0,158.1,177,245
0,150.2,169,229
0,151.7,162,225
0,151.4,163,228
1,170.3,184,244
1,172.6,180,236
1,174.3,172,239
1,178.7,186,253
1,168.0,178,247
1,173.8,180,242
1,163.3,185,243
1,168.5,183,249
1,165.5,163,227
0,162.7,176,232
0,154.8,167,219
0,152.5,168,230
0,158.0,162,226
0,153.5,169,234
0,154.0,162,225
0,148.6,157,215
0,154.0,178,235
0,152.0,171,229
0,151.6,168,223
0,150.0,167,227
0,157.6,175,240
0,157.0,173,226
0,142.1,161,210
0,155.0,166,221
0,161.2,183,235
0,159.0,162,223
0,162.0,171,233
0,162.1,165,221
0,153.0,167,233
0,148.3,159,215
0,155.0,168,233
0,152.5,158,223
0,157.5,172,231
0,160.5,170,223
0,155.4,165,228
0,159.1,169,214
0,159.0,164,217
0,157.0,161,225
0,159.4,179,236
0,162.5,178,241
0,158.4,169,230
0,164.5,180,245
0,155.6,173,228
0,163.0,172,243
0,157.4,167,225
0,161.1,169,240
0,161.5,165,228
0,162.8,178,230
0,158.0,174,231
0,156.1,166,230
0,160.7,171,243
0,160.0,167,223
0,164.4,176,234
0,146.2,161,217
0,160.0,172,232
0,153.2,164,221
0,161.3,182,238
0,158.9,165,226
0,151.9,171,233
0,154.5,167,223
0,147.1,158,203
0,150.8,168,225
0,160.8,168,224
0,157.1,166,227
0,156.7,173,236
0,152.0,163,214
0,159.3,177,232
0,153.2,171,218
0,160.5,167,216
0,162.0,168,225
0,153.1,172,223
0,159.1,179,230
0,158.8,169,218
0,148.7,146,205
0,160.5,171,241
0,160.8,178,234
0,149.8,167,225
0,157.4,179,244
0,153.4,166,226
0,147.8,165,216
0,156.4,167,229
0,159.7,156,220
0,167.2,169,238
0,162.3,179,230
0,153.2,161,221
0,158.1,176,234
0,157.2,165,233
0,164.5,176,238
0,160.3,180,240
0,169.4,167,228
0,153.0,161,218
0,156.2,170,225
0,155.3,164,230
0,165.1,181,238
0,161.0,163,223
0,155.2,170,229
0,154.5,171,230
0,170.5,180,248
0,161.8,169,233
0,152.0,165,220
0,156.6,171,226
0,158.2,164,220
0,164.7,177,244
0,152.7,162,219
0,157.8,169,238
0,151.7,159,212
0,163.0,175,231
0,151.3,164,225
0,161.2,173,235
0,160.8,176,227
0,157.8,169,225
0,155.0,173,241
0,156.8,163,227
0,158.7,171,220
0,162.8,169,221
0,157.0,176,233
0,162.1,168,235
1,174.4,180,248
1,171.3,179,242
1,168.3,168,246
1,161.4,180,238
0,150.1,173,229
0,160.8,176,235
0,152.5,168,223
0,155.0,168,226
0,153.3,174,226
0,154.3,166,225
0,157.2,176,240
0,151.0,163,221
0,155.0,161,210
0,151.0,160,224
0,144.1,168,216
0,155.0,170,227
0,160.6,180,243
0,159.7,173,237
0,156.8,159,227
0,161.8,165,230
0,157.5,173,232
1,158.0,172,227
1,177.0,183,252
1,174.0,182,250
1,180.7,190,260
1,169.8,195,256
1,160.1,171,233
1,168.8,183,246
1,162.6,176,242
1,173.4,177,261
1,177.2,187,245
1,177.5,176,246
1,177.3,213,271
1,173.5,195,248
1,172.8,190,262
1,176.0,185,253
1,186.3,198,255
1,168.4,183,243
1,174.0,189,254
1,163.4,187,250
1,172.4,183,248
1,173.9,190,265
1,157.8,162,228
1,151.5,174,232
1,169.0,191,252
1,172.0,189,249
1,173.5,189,246
1,164.8,172,238
1,181.3,187,251
1,167.0,176,231
1,180.5,180,245
1,173.5,190,242
1,168.8,183,239
1,179.8,203,273
1,169.0,189,248
1,169.7,181,238
1,172.7,198,265
1,168.7,185,242
1,176.0,174,241
1,172.6,193,258
1,177.8,195,245
1,182.8,192,258
1,169.3,186,256
1,162.6,182,242
1,174.0,186,259
1,164.5,184,234
1,165.0,186,255
1,183.0,180,256
1,173.6,186,258
1,171.0,180,246
1,172.7,180,243
1,172.8,184,249
1,166.6,190,250
1,174.8,190,262
1,171.0,191,263
1,169.5,191,256
1,169.0,178,245
1,180.3,184,265
1,181.7,212,287
1,170.6,189,260
1,165.4,179,242
1,174.4,177,256
1,168.2,171,243
1,157.0,186,240
1,171.1,181,244
1,166.4,177,245
1,174.4,187,262
1,170.5,186,267
1,166.5,178,253
1,184.0,201,279
1,174.1,188,257
1,168.0,179,247
1,172.1,185,255
1,171.6,183,258
1,175.5,184,255
1,168.2,180,245
1,166.0,182,240
1,167.5,183,247
1,177.4,188,256
1,183.7,192,265
1,169.7,182,252
1,170.8,184,247
1,169.4,178,247
1,170.0,175,236
1,172.6,174,243
1,164.6,177,244
1,173.3,187,246
1,166.6,182,249
1,170.0,189,247
1,170.5,181,246
1,172.5,181,240
1,168.3,172,245
1,174.0,195,261
1,182.5,200,260
1,170.1,187,251
1,167.4,184,259
1,167.6,179,248
1,163.6,183,235
1,173.6,181,246
1,174.0,190,248
1,172.8,190,252
1,162.4,172,227
1,158.8,175,234
1,170.4,180,260
1,168.4,184,242
1,172.4,196,263
0,157.8,170,225
0,161.8,178,237
0,160.0,159,214
0,155.5,178,234
0,153.7,165,223
0,160.1,166,226
0,163.0,181,239
0,155.8,158,208
0,166.5,174,242
0,154.0,175,236
0,153.6,167,213
0,155.6,174,228
0,171.1,177,250
0,161.3,177,233
0,149.4,176,218
0,147.7,165,224
0,160.6,179,224
0,158.2,174,241
0,158.6,174,223
0,149.0,163,220
0,157.6,171,226
0,155.7,163,219
0,161.4,180,245
0,155.9,167,231
0,149.5,169,228
0,151.8,155,215
0,155.9,178,237
0,152.0,172,224
0,162.6,174,237
0,158.4,177,242
0,150.4,170,215
0,160.0,173,236
0,162.5,175,235
0,151.9,162,209
0,158.2,161,219
0,157.3,186,243
0,160.8,175,230
0,152.1,160,217
0,159.1,182,232
0,153.8,166,215
0,160.3,169,224
0,153.2,183,239
0,150.5,164,222
0,150.0,164,222
0,154.1,162,220
0,165.7,177,235
0,162.3,177,239
0,151.7,169,223
0,152.0,170,230
0,157.1,173,235
0,159.3,177,246
0,158.6,184,242
0,155.0,170,233
0,160.5,173,239
0,160.0,181,231
0,150.2,165,225
0,151.7,165,210
0,146.3,162,212
0,148.4,168,223
0,144.0,165,219
0,157.5,174,222
0,157.1,170,234
0,159.7,180,241
0,161.1,174,237
0,174.5,181,241
0,159.5,174,235
0,164.6,171,235
0,159.8,174,232
0,154.6,177,227
0,159.5,180,233
0,153.6,173,237
0,148.3,167,226
0,155.5,174,238
0,149.7,165,214
0,159.0,170,230
0,156.4,179,237
0,153.8,172,222
0,144.5,157,207
0,156.0,174,234
0,155.7,164,221
0,147.3,171,220
0,150.3,162,222
0,156.0,179,234
0,169.7,171,229
0,164.7,179,238
0,156.1,167,216
0,163.0,172,227
1,159.0,178,236
1,169.4,188,263
1,170.1,182,250
1,167.0,183,255
1,176.1,196,262
1,162.5,172,236
1,172.1,200,267
1,159.6,175,238
1,174.1,185,250
1,168.8,177,248
1,166.0,182,241
1,163.5,174,237
1,163.2,179,248
1,165.5,201,252
1,163.1,176,241
1,176.2,189,261
1,168.1,186,250
1,162.4,172,237
1,165.0,185,239
0,148.0,156,208
0,155.6,170,223
0,163.1,183,242
0,157.6,176,243
0,152.0,164,214
0,156.5,165,234
0,150.1,162,217
0,157.0,166,226
0,166.2,177,242
0,155.1,174,231
0,165.6,174,227
0,165.5,171,224
0,155.0,168,225
0,152.2,168,227
0,160.2,168,232
0,167.1,191,251
0,157.5,179,228
0,156.5,166,213
0,162.1,176,238
0,156.0,176,241
0,152.0,163,219
0,161.2,176,221
0,157.5,173,235
0,153.3,173,221
0,162.7,180,244
0,160.0,171,229
0,153.4,178,234
0,160.0,180,230
0,161.3,188,241
0,152.6,172,233
0,158.0,168,221
0,151.5,168,227
0,155.2,178,237
0,164.0,180,236
0,170.3,195,259
0,154.4,167,224
0,157.0,173,232
0,146.2,172,234
0,162.5,184,243
0,161.8,164,222
0,159.5,185,236
0,156.4,177,234
0,156.6,166,227
0,151.7,172,233
0,166.2,186,244
0,153.4,169,226
0,155.1,171,223
0,159.2,170,235
0,164.5,171,238
0,153.6,172,220
0,153.6,160,217
0,156.4,170,228
0,155.8,172,226
0,157.0,176,235
0,165.0,174,225
0,152.8,166,220
0,152.7,158,220
0,162.0,165,224
0,153.8,165,218
0,157.4,168,218
0,157.8,168,230
0,154.2,166,221
0,163.2,177,234
0,164.5,175,251
0,155.5,177,222
1,171.1,177,251
1,167.0,182,252
1,178.3,196,269
1,163.7,178,230
1,154.6,173,229
1,160.0,185,246
1,166.2,178,236
1,170.7,185,243
1,179.5,195,257
1,172.6,198,264
1,177.1,190,259
1,167.2,190,237
1,170.4,189,247
1,166.7,173,237
1,161.6,168,231
1,174.0,197,272
1,171.5,176,256
1,171.0,192,256
1,160.0,188,246
1,163.1,172,236
1,167.7,176,233
1,162.5,171,240
1,159.6,163,234
1,170.5,191,252
1,164.7,182,252
1,160.0,178,238
1,173.5,181,242
1,165.5,174,243
1,176.0,186,247
1,178.1,188,248
1,174.5,186,248
1,161.5,179,234
1,171.8,192,258
1,172.0,185,252
1,163.8,178,238
1,173.0,196,256
1,172.6,190,259
1,165.5,165,231
1,169.5,177,248
0,161.3,170,216
0,166.3,175,236
0,150.5,162,221
0,165.0,176,230
0,166.5,169,231
0,157.0,171,218
0,160.7,178,236
0,158.0,168,230
0,161.3,177,235
0,160.0,169,235
0,165.3,177,226
0,158.0,170,224
0,160.0,173,232
0,154.0,152,212
0,154.5,161,215
0,156.4,164,246
0,161.0,179,238
0,149.2,159,217
0,157.0,164,226
0,167.1,185,243
0,157.8,173,231
0,154.3,176,232
0,158.5,169,223
0,167.7,186,248
0,156.0,173,220
0,161.1,173,236
0,163.5,176,233
0,159.8,177,241
0,153.2,162,218
0,163.5,181,233
0,161.3,176,227
0,159.2,174,226
0,157.5,178,241
0,153.1,162,223
0,152.6,168,224
0,158.0,170,232
0,159.0,173,228
0,159.1,163,223
0,149.7,163,227
0,157.2,166,218
0,169.0,173,241
0,158.7,188,249
0,153.7,163,215
0,160.0,173,230
0,158.4,170,224
0,173.1,187,240
0,157.0,155,214
0,164.5,183,244
0,164.0,175,228
0,173.5,179,235
0,171.5,182,230
0,159.4,172,227
0,158.3,173,225
0,158.5,173,230
1,168.3,187,235
1,179.0,208,284
1,168.0,175,241
1,165.0,185,243
1,182.1,192,276
1,162.5,173,237
1,171.6,186,248
1,173.4,196,262
1,170.5,184,241
1,167.5,176,237
1,173.8,193,265
1,161.4,175,227
1,181.8,196,262
1,165.3,179,241
0,155.0,175,229
0,158.0,176,226
0,164.6,176,228
0,159.5,178,232
0,150.7,167,222
0,168.3,167,230
0,148.6,166,220
0,157.2,175,235
0,168.0,173,239
1,168.5,179,246
1,174.4,185,249
0,158.0,160,228
0,162.5,168,220
0,155.2,160,216
1,170.0,187,247
1,182.5,192,268
1,181.5,194,257
0,169.5,177,246
0,163.0,181,238
0,166.5,165,230
1,173.0,187,245
1,164.0,171,224
1,173.0,185,253
0,168.0,169,229
0,162.0,170,228
0,158.0,166,225
0,163.0,176,239
0,158.0,177,237
0,154.0,176,234
0,158.0,161,217
0,164.0,178,235
0,156.8,167,229
0,158.7,171,224
0,164.5,173,228
0,166.4,185,244
0,161.7,168,226
0,164.5,173,236
0,150.5,167,222
0,165.0,172,245
0,163.3,180,251
0,154.5,165,226
0,159.0,165,217
0,161.0,168,236
0,154.5,177,230
0,155.3,170,227
0,151.5,176,230
0,155.5,168,231
0,160.4,155,217
0,159.0,165,229
0,159.8,170,236
0,156.7,176,236
0,159.4,162,227
0,152.6,171,230
0,168.0,189,250
0,149.6,174,231
0,155.8,168,229
0,156.5,170,232
0,155.2,164,215
0,159.7,170,232
0,167.1,177,236
0,158.6,160,226
0,150.0,157,220
0,159.5,163,226
1,174.2,178,259
1,178.8,189,260
1,171.8,178,242
1,183.8,196,274
1,175.2,182,240
1,172.5,193,262
1,175.5,186,257
1,168.3,173,237
1,163.5,181,249
1,183.2,199,278
1,181.5,194,270
1,171.0,190,260
1,170.1,179,244
1,177.0,189,250
1,183.5,190,266
1,183.4,195,275
1,172.8,178,247
1,173.6,173,243
1,170.4,194,274
1,176.9,195,254
1,178.1,188,258
1,171.8,184,259
1,176.0,191,260
1,161.6,171,227
1,182.7,201,266
1,162.5,181,246
1,176.8,195,249
1,173.0,192,254
1,166.4,174,246
1,166.7,182,246
1,175.6,188,262
1,177.0,185,270
1,171.2,186,259
1,171.0,187,249
1,178.7,186,252
0,167.5,179,234
0,156.7,165,231
0,166.2,177,243
0,156.5,158,209
0,160.7,161,215
0,161.6,165,228
0,154.6,161,218
0,160.5,176,232
0,161.6,165,223
0,164.4,176,226
0,157.3,170,236
0,158.0,172,241
0,173.5,186,249
0,158.0,159,228
0,161.6,160,228
0,160.0,164,228
0,167.5,176,240
0,161.6,170,238
0,166.5,169,234
0,163.5,178,238
0,169.7,183,244
0,154.5,156,222
0,156.4,160,219
0,159.6,174,238
0,160.6,165,222
0,166.2,175,244
0,157.2,171,230
0,156.6,170,236
0,166.0,175,241
0,167.2,175,239
0,166.7,178,242
0,158.5,167,233
0,158.8,161,220
0,157.0,169,234
0,173.6,185,243
0,167.6,160,227
1,165.5,175,250
1,173.7,191,250
1,177.6,182,255
1,175.5,194,261
1,165.5,178,241
1,175.7,183,246
1,184.3,195,252
1,178.0,193,270
1,178.9,181,253
1,172.6,178,235
1,172.5,176,252
1,177.3,195,261
1,167.5,185,255
1,175.0,188,265
1,174.3,189,261
1,177.5,194,262
1,164.6,179,240
1,170.3,184,254
1,171.2,209,259
1,172.6,180,241
1,168.0,176,243
1,173.7,181,260
1,175.3,177,242
1,170.3,184,251
1,170.8,175,246
1,175.8,203,276
1,175.2,175,253
1,176.0,187,263
1,173.8,185,238
1,169.7,178,242
1,171.5,179,250
1,170.3,180,246
1,172.1,188,258
1,169.5,185,245
1,172.7,185,249
1,174.1,186,250
1,170.7,186,255
1,177.0,186,266
0,158.2,166,227
0,157.0,165,219
0,156.5,179,241
0,168.6,173,241
0,156.5,167,225
0,163.0,177,239
0,161.3,177,234
0,152.8,167,222
0,168.2,175,236
0,165.5,166,229
0,157.3,170,228
0,158.2,165,214
0,153.0,167,229
0,160.4,175,235
0,157.0,160,218
0,155.7,165,229
0,160.6,178,240
0,155.7,172,225
0,159.6,161,215
0,158.5,164,220
0,157.5,174,239
0,155.5,179,232
0,156.6,160,220
0,167.4,166,228
0,157.7,167,228
0,152.8,159,215
0,149.0,160,213
0,155.2,160,232
0,160.8,180,240
0,164.1,172,243
0,162.9,179,238
0,161.2,172,242
0,160.3,187,249
0,153.1,161,213
0,161.3,175,230
0,157.3,167,233
0,159.4,174,235
0,157.3,165,216
0,166.1,164,228
0,167.1,174,249
0,160.0,178,245
0,151.6,170,226
0,156.8,167,221
0,153.7,163,216
0,161.8,168,231
0,152.0,172,225
0,150.0,170,228
0,155.8,173,230
0,155.3,164,229
0,155.7,160,215
0,158.0,169,224
0,153.5,167,225
0,158.3,165,217
0,158.1,178,235
0,150.7,167,226
0,167.1,174,231
0,153.6,169,229
0,167.5,182,244
0,158.3,172,231
0,155.5,160,220
0,159.7,164,227
0,164.5,169,224
0,155.1,163,224
0,150.6,167,213
0,155.3,179,222
0,155.2,178,237
0,145.2,164,223
0,156.6,163,220
0,154.0,167,231
0,159.5,167,230
0,166.8,187,243
0,161.6,168,236
0,157.9,174,235
0,162.2,184,244
0,149.4,158,211
0,157.9,174,228
0,156.3,161,228
0,159.2,164,216
0,148.2,159,218
0,156.9,178,239
0,159.0,174,230
0,158.3,175,234
0,161.2,173,233
0,165.5,184,238
0,156.3,159,214
0,158.0,175,234
0,162.2,168,222
0,149.2,157,209
0,160.4,174,236
0,174.4,180,255
0,168.5,177,240
0,159.3,160,224
0,153.8,163,226
0,163.5,176,245
0,157.2,169,224
1,165.2,182,250
1,170.5,188,257
1,170.5,170,234
1,170.5,187,247
1,183.4,195,269
1,175.2,186,256
1,170.0,170,233
1,172.1,194,252
1,174.3,182,252
1,173.3,183,247
1,164.0,171,237
1,169.5,181,254
1,164.2,178,234
1,168.0,182,256
1,177.1,184,266
1,186.3,199,270
1,178.0,189,262
1,179.1,182,255
1,173.5,185,251
1,173.2,177,247
1,180.2,193,260
1,160.5,175,227
1,170.0,186,251
1,166.2,174,239
1,165.2,181,246
1,179.0,188,260
1,184.4,193,255
1,176.1,188,253
1,181.2,199,273
1,172.8,185,258
1,187.0,196,255
1,185.5,188,251
1,173.1,174,246
1,170.2,178,240
1,176.7,182,254
1,169.5,175,237
1,179.2,199,262
1,188.1,201,290
1,173.7,183,259
1,169.6,178,242
1,178.0,182,253
0,162.7,163,218
0,162.4,174,226
0,151.1,167,225
0,153.1,167,232
0,153.4,166,225
0,160.9,169,222
0,157.2,170,228
0,147.5,154,209
0,161.4,167,223
0,163.3,180,242
0,157.6,176,235
0,155.3,165,227
0,156.3,168,216
0,162.2,175,234
0,165.2,184,235
0,156.7,178,231
0,158.5,172,222
0,167.8,177,243
0,154.3,160,215
0,153.7,159,218
0,158.0,158,217
0,149.4,164,222
0,157.8,156,211
0,167.6,176,235
0,161.6,176,237
0,171.4,180,245
0,166.4,177,238
0,157.1,163,228
0,151.6,167,222
0,163.2,172,234
0,153.8,160,215
0,162.3,169,235
0,156.2,162,227
0,161.0,164,235
0,157.1,160,229
0,156.2,166,223
0,161.7,177,231
0,152.1,160,227
0,156.3,168,223
0,155.0,168,233
0,156.0,165,233
0,156.6,172,244
0,156.6,176,235
0,159.1,160,218
0,153.1,160,215
0,150.9,166,230
0,167.9,181,252
0,160.7,175,232
0,157.2,166,221
0,159.4,170,229
0,155.4,162,227
1,167.3,169,240
1,178.1,193,250
1,166.5,177,241
1,174.6,191,258
1,179.0,189,258
1,176.5,183,245
1,161.0,183,250
1,172.2,181,246
1,173.0,190,258
1,173.5,182,242
1,174.9,176,251
1,172.1,185,246
1,171.9,186,256
1,174.8,178,246
1,185.6,191,250
1,178.5,191,266
1,175.2,174,256
1,172.4,184,259
1,185.3,198,275
1,159.7,173,230
1,161.0,172,240
1,171.1,175,260
1,167.7,172,251
1,182.0,186,260
1,175.6,184,244
1,169.4,176,248
1,173.7,180,243
1,172.8,185,252
1,170.2,168,234
1,173.2,179,249
1,170.4,183,243
1,172.3,187,255
1,165.7,173,243
1,172.3,185,249
1,175.0,180,245
1,167.2,181,250
1,171.7,188,253
1,174.9,190,258
1,173.8,186,248
1,171.0,190,260
1,174.3,185,242
1,165.0,173,236
0,163.5,175,236
0,165.3,171,239
0,160.5,174,246
0,154.7,170,229
0,153.8,159,227
0,160.3,170,228
0,158.0,173,233
0,151.8,177,231
0,159.7,170,227
0,160.4,173,234
0,148.0,165,226
0,152.8,152,221
0,150.5,165,224
0,151.8,164,220
0,152.8,173,230
0,159.7,161,214
0,158.9,165,230
0,163.5,171,242
0,167.7,175,230
0,154.5,167,230
0,149.0,163,223
0,160.6,175,225
0,146.0,157,213
0,147.0,158,213
0,158.8,181,239
0,164.2,183,237
0,157.5,173,227
0,158.8,166,218
0,152.9,170,227
0,154.2,169,225
0,163.0,172,227
0,155.2,174,227
0,161.1,167,231
0,156.0,174,226
0,170.0,172,239
0,162.0,170,228
0,156.9,160,209
0,162.6,176,237
0,158.5,173,225
0,164.0,170,250
0,157.4,167,235
0,160.7,179,238
0,155.0,174,234
0,154.6,169,235
0,147.4,166,221
0,163.5,176,242
0,156.4,170,230
0,160.4,171,233
0,160.3,175,235
0,152.8,165,219
0,151.9,167,228
0,165.7,178,238
0,165.4,167,229
0,158.0,169,232
0,160.6,163,220
0,161.0,164,224
0,159.8,176,234
0,159.6,178,237
0,153.0,167,227
0,163.1,170,240
0,162.8,173,241
0,166.3,184,250
0,156.9,170,235
0,173.0,186,252
0,157.5,164,234
0,156.0,166,224
0,163.7,167,234
0,161.0,176,231
0,156.9,161,223
0,150.5,170,247
0,158.2,171,218
0,162.8,174,235
0,154.6,169,228
0,162.8,177,228
0,163.8,168,230
0,158.8,175,225
0,156.6,174,234
0,165.6,173,243
0,161.4,175,227
0,160.3,178,243
0,154.9,167,234
0,160.5,167,233
0,153.5,165,230
0,147.0,159,213
0,159.1,183,233
0,159.9,166,240
0,162.2,177,234
0,155.0,166,219
0,145.9,161,226
0,158.4,162,215
0,154.5,162,214
0,163.4,177,239
0,160.6,177,243
0,162.6,179,243
0,160.0,174,236
0,151.2,170,231
0,160.2,183,243
0,160.2,182,239
1,168.3,183,250
1,171.3,180,255
1,168.5,180,243
1,173.1,191,252
1,165.0,179,250
1,177.5,193,261
1,165.2,190,248
1,190.2,207,285
1,163.4,180,241
1,177.1,188,252
1,176.9,189,252
1,175.3,201,267
1,164.0,183,248
1,163.8,177,247
1,167.4,174,240
1,183.1,200,267
1,184.2,199,268
1,176.0,182,254
1,184.0,209,283
1,174.2,187,261
1,176.5,192,255
1,175.6,180,250
1,172.2,176,237
1,174.6,184,246
1,178.6,194,260
1,172.0,187,254
1,169.6,179,244
1,178.6,185,259
1,189.1,194,265
1,164.0,183,250
1,174.1,188,255
1,171.2,181,250
1,173.8,182,242
1,169.5,181,252
1,172.0,182,234
1,164.2,167,221
1,173.4,175,241
1,169.8,178,244
1,167.0,185,250
1,171.0,175,243
1,167.2,175,246
1,168.0,179,233
1,167.0,174,244
1,177.5,195,259
1,173.3,185,255
1,166.9,182,244
1,182.1,195,265
1,174.7,179,238
1,185.6,198,268
1,164.9,184,245
1,173.4,190,251
0,167.7,174,236
0,164.4,175,243
0,167.3,172,232
0,167.7,175,236
0,153.8,178,230
0,162.0,179,247
0,155.6,170,227
0,157.2,165,230
0,156.3,173,233
0,165.0,177,239
0,150.7,170,225
0,161.5,167,232
0,160.2,164,225
0,157.8,174,230
0,160.7,161,218
0,152.5,164,228
0,156.0,179,231
0,161.0,173,224
0,149.0,156,208
0,165.4,169,224
0,166.3,174,237
0,162.4,171,229
0,159.1,178,232
0,149.5,155,218
0,162.2,178,236
0,151.0,161,226
0,154.6,174,225
0,170.0,186,245
0,155.0,160,217
0,157.7,169,228
0,162.6,180,238
0,152.6,169,229
0,156.0,174,232
0,157.1,168,235
0,156.3,165,226
0,153.6,170,222
0,149.1,159,215
0,157.0,169,225
0,156.7,171,230
0,153.2,178,242
0,160.1,176,240
0,156.3,178,236
0,153.7,173,234
0,153.6,171,232
0,169.9,192,255
0,155.5,171,231
0,162.5,178,238
1,167.9,175,240
1,168.2,179,251
1,178.7,193,267
1,171.5,183,243
1,174.8,192,248
1,172.2,190,257
1,177.0,187,252
1,170.2,183,251
1,163.2,169,235
1,172.7,187,256
1,170.2,181,250
1,182.5,194,267
1,170.4,193,257
1,175.1,190,246
1,170.6,176,242
1,176.4,186,254
1,174.9,185,240
1,167.0,181,244
1,170.8,183,246
1,173.9,194,251
1,176.8,187,248
1,176.4,191,265
1,175.0,187,258
1,174.4,181,253
1,168.4,181,255
1,165.0,173,230
1,169.0,186,246
1,169.8,178,230
1,179.9,188,257
1,160.0,168,230
1,167.7,183,237
1,160.7,175,237
1,164.0,185,247
1,173.4,185,253
1,167.0,173,242
1,185.5,185,260
1,163.4,181,250
1,181.5,187,249
1,162.0,186,259
1,172.6,174,254
1,180.3,191,262
1,162.8,178,240
1,169.7,188,258
1,179.6,183,254
1,168.0,182,248
1,168.0,177,246
1,162.3,173,234
1,171.1,182,249
0,159.2,177,243
0,160.1,174,227
0,171.1,177,237
0,157.8,171,233
0,164.2,166,234
0,159.1,164,229
0,159.3,173,240
0,155.5,165,219
0,161.6,169,230
0,160.7,174,243
0,159.2,169,232
0,151.9,163,221
0,157.2,173,242
0,160.3,165,219
0,164.8,175,230
0,162.6,171,231
0,160.6,170,224
0,158.1,168,232
0,166.2,175,235
0,157.7,167,235
0,157.7,173,236
0,157.1,169,233
0,167.0,172,227
0,160.8,181,236
0,160.0,178,241
0,158.0,184,247
0,160.6,177,233
0,168.1,176,242
0,163.9,171,239
0,164.3,169,228
0,160.3,178,234
0,155.8,164,221
0,150.7,166,219
0,157.4,163,225
0,159.7,168,236
0,156.3,161,226
0,163.5,173,225
0,157.1,171,225
0,161.3,175,241
0,161.8,172,234
0,168.2,177,242
0,159.8,163,223
0,157.9,168,227
0,154.4,165,226
0,162.2,162,223
0,158.2,164,235
0,165.1,180,246
0,147.7,164,214
0,152.6,164,220
0,160.0,169,228
0,159.8,171,227
1,172.4,185,248
1,187.1,198,275
1,164.9,174,239
1,168.5,176,251
1,169.0,179,249
1,172.6,189,255
1,168.0,177,238
1,168.5,186,245
1,185.2,193,271
1,163.5,182,247
1,173.2,189,244
1,175.2,194,258
1,173.0,193,259
1,174.7,182,243
1,170.2,185,241
1,166.3,178,245
1,174.5,195,260
1,174.3,192,254
1,172.7,178,245
1,170.1,177,246
1,180.6,188,271
1,168.5,179,242
1,169.3,188,250
1,177.1,195,268
1,168.5,186,244
1,173.0,188,243
1,176.8,192,253
1,169.5,192,255
1,176.5,183,260
1,173.0,183,255
1,173.4,187,243
1,174.5,195,265
1,159.6,177,242
1,167.5,185,245
1,173.0,195,260
1,165.4,182,243
1,180.3,190,251
1,168.5,173,231
1,171.5,179,244
1,168.5,185,250
1,173.3,177,255
1,171.3,184,249
1,176.7,186,259
1,182.6,195,262
1,171.3,191,261
1,172.7,184,248
1,170.0,184,250
1,178.4,193,256
0,158.7,164,226
0,161.5,169,225
0,158.0,185,247
0,156.3,179,246
0,149.3,157,223
0,162.9,178,234
0,140.4,152,211
0,164.8,181,236
0,162.8,186,239
0,169.5,176,228
0,166.0,174,234
0,156.9,164,221
0,161.4,182,248
0,162.2,174,235
0,163.6,175,239
0,158.4,177,228
0,158.1,172,228
0,152.0,165,216
0,160.3,172,230
0,160.5,187,243
0,165.3,169,237
0,167.2,168,230
0,168.3,174,236
0,155.0,175,231
0,165.0,173,231
0,166.4,174,240
0,166.6,177,234
0,153.7,166,224
0,152.5,168,224
0,167.3,178,252
0,163.8,172,238
0,157.6,164,212
0,150.2,164,226
0,155.7,166,222
0,154.6,160,212
0,156.2,164,224
0,167.7,165,234
0,167.4,174,236
0,153.6,171,228
0,165.4,171,235
0,163.2,180,240
0,155.8,162,228
0,157.3,162,224
0,158.3,183,239
0,154.7,160,214
0,144.8,164,208
0,159.0,171,236
1,160.0,167,231
1,181.0,207,274
1,176.7,195,259
1,167.4,189,240
1,172.6,189,251
1,162.0,160,228
1,178.9,196,266
1,170.7,184,243
1,170.2,181,251
1,169.0,194,255
1,174.3,191,245
1,177.9,189,258
1,169.2,184,245
1,164.2,175,245
1,166.6,179,248
1,169.6,185,248
1,167.0,174,243
1,176.3,185,248
1,165.2,178,240
1,161.3,181,240
1,181.0,191,273
1,180.5,176,255
1,161.9,180,238
1,179.4,194,250
1,172.3,180,253
1,174.6,189,262
1,164.0,179,235
1,165.7,186,255
1,164.1,179,251
1,170.1,179,236
1,170.5,189,253
1,177.2,184,255
1,167.6,179,241
1,171.2,184,247
1,182.4,199,279
1,178.9,187,256
1,170.7,188,242
1,157.2,162,229
1,167.0,184,243
1,170.2,187,253
1,171.2,185,248
1,169.2,187,264
1,172.6,183,249
1,162.8,169,235
1,170.9,179,250
1,177.5,188,255
0,165.0,165,226
0,165.0,173,239
0,155.0,170,231
0,154.8,167,220
0,162.2,166,231
0,151.7,174,234
0,153.8,166,233
0,157.3,170,227
0,154.3,179,228
0,165.7,174,232
0,163.6,182,249
0,160.6,172,230
0,156.6,163,222
0,152.1,168,224
0,152.0,161,217
0,165.7,176,240
0,159.9,168,223
0,160.9,167,220
0,159.8,156,229
0,172.5,182,237
0,174.9,188,245
0,161.9,181,231
0,155.0,163,221
0,163.7,170,236
0,153.7,174,231
0,157.0,165,222
0,156.2,166,220
0,165.4,184,234
0,154.0,166,228
0,170.0,175,236
0,166.5,168,232
0,161.3,169,221
0,157.9,161,224
0,156.7,164,222
0,168.4,178,256
0,162.0,168,237
0,161.4,164,235
0,158.6,166,228
0,167.1,163,232
0,160.0,172,231
0,162.2,180,241
0,160.6,168,223
0,162.0,175,227
0,156.0,162,223
0,158.7,179,234
0,161.5,175,240
0,157.0,176,229
1,175.0,191,263
1,174.0,185,244
1,169.0,184,253
1,164.0,170,230
1,182.2,190,255
1,172.8,188,245
1,177.2,191,260
1,158.8,181,232
1,169.0,179,243
1,171.3,180,246
1,173.5,187,257
1,165.5,188,253
1,165.1,187,245
1,165.6,178,244
1,162.3,185,242
1,162.4,170,233
1,183.3,201,281
1,175.7,182,253
1,179.6,190,246
1,180.1,190,242
1,177.2,203,265
1,166.6,189,240
1,166.3,187,250
1,168.0,180,241
1,181.3,186,257
1,184.0,185,257
1,169.0,174,240
1,177.0,194,267
1,168.3,188,245
1,178.7,175,246
1,159.6,167,230
1,176.0,195,261
1,169.9,183,248
1,175.1,189,253
1,172.5,189,267
1,166.9,182,240
1,173.5,194,250
1,169.2,189,244
1,171.7,178,252
1,180.7,191,272
1,171.5,181,244
1,162.6,173,241
1,168.0,178,252
1,164.5,184,255
1,170.7,186,250
1,173.7,190,252
1,172.5,177,251
1,166.1,174,239
1,184.6,198,271
1,171.0,183,262
1,176.6,175,251
1,163.7,177,245
1,162.6,178,236
1,174.3,190,265
1,181.5,196,270
1,168.5,189,242
1,175.5,199,253
1,171.0,190,256
1,177.0,187,248
1,168.0,175,254
1,163.5,178,235
1,160.0,182,253
1,174.5,174,237
1,166.0,181,245
1,175.5,181,255
1,163.2,176,246
1,162.7,182,248
1,169.0,180,242
1,167.7,183,244
1,173.6,188,251
1,165.0,183,245
1,169.0,183,248
1,183.5,195,264
1,171.2,181,228
1,176.5,182,247
1,175.2,191,251
1,164.4,179,236
1,168.0,174,230
1,165.5,174,234
1,170.0,189,242
1,161.0,181,229
1,173.0,183,252
1,175.7,189,246
1,169.8,180,232
1,172.2,199,254
1,162.0,176,234
1,172.5,179,248
1,161.5,177,215
1,162.5,174,231
1,177.8,201,260
1,181.2,185,253
1,167.0,171,234
1,175.8,187,254
1,174.0,191,258
1,167.8,185,240
1,174.5,177,234
0,160.5,171,234
0,161.7,179,246
0,163.5,174,222
0,165.7,181,236
0,156.5,168,226
0,169.6,179,236
0,162.5,165,226
0,167.3,172,224
0,164.7,169,227
0,155.7,174,216
0,164.5,176,231
0,163.4,171,231
0,153.9,167,232
0,164.4,179,250
0,165.3,173,234
0,166.7,180,235
0,153.3,160,210
0,157.4,180,230
0,153.0,172,227
0,170.2,179,244
0,162.8,175,229
0,161.0,165,213
0,169.0,177,241
0,157.0,161,215
0,177.3,183,256
0,164.0,168,240
0,157.6,171,228
0,155.5,168,228
0,160.5,169,229
0,165.7,175,241
0,164.5,175,238
0,159.2,172,224
0,159.8,169,220
0,157.8,168,221
0,165.3,175,236
0,151.8,164,216
0,157.5,170,227
0,160.0,158,222
0,151.7,176,233
0,161.0,168,213
0,171.0,179,246
0,166.0,171,232
0,168.2,168,238
0,161.5,168,219
1,173.7,187,253
1,172.5,185,239
1,168.0,198,247
1,160.3,175,237
1,179.4,201,268
1,177.4,189,258
1,169.5,172,236
1,169.9,185,246
1,176.5,183,253
1,177.2,199,261
1,177.0,190,249
1,168.0,184,256
1,170.3,187,252
1,173.5,186,249
1,169.7,174,256
1,177.3,184,263
1,168.6,180,248
1,167.3,182,255
1,165.8,194,249
1,175.3,198,272
1,177.4,191,263
1,174.0,179,239
1,169.7,184,257
1,177.6,195,258
1,172.5,184,251
1,171.7,177,245
1,165.3,180,242
1,168.8,190,244
1,181.6,204,273
1,178.7,178,257
1,176.0,198,273
0,161.6,167,224
0,164.4,194,253
0,155.0,159,214
0,163.8,166,228
0,154.6,164,217
0,159.8,170,226
0,159.5,174,238
0,160.5,170,235
0,155.0,158,213
0,163.0,173,228
0,161.2,166,231
0,149.0,162,225
0,156.6,166,217
0,152.5,164,208
0,160.6,179,239
0,159.0,169,233
0,159.1,166,221
0,146.0,159,220
0,155.2,169,230
0,154.3,174,236
0,156.7,167,216
0,162.5,191,249
0,161.3,167,223
0,163.2,176,249
0,152.5,180,248
0,160.2,193,222
0,152.2,164,228
0,164.7,166,231
0,167.5,178,239
0,158.4,169,228
0,160.6,171,226
0,148.2,168,230
0,153.4,164,228
0,159.6,172,237
0,154.7,164,218
0,162.9,178,233
0,158.6,175,238
0,159.7,175,230
0,160.9,168,214
0,164.5,176,226
0,156.4,169,229
0,157.7,179,240
0,157.9,174,227
0,152.4,161,214
0,159.8,168,230
1,165.7,179,240
1,178.7,194,268
1,168.1,169,240
1,174.9,187,253
1,171.4,194,245
1,179.6,182,266
1,166.4,178,252
1,180.4,195,263
1,177.7,187,256
1,169.6,182,248
1,175.4,187,244
1,179.1,184,255
1,171.0,189,255
1,165.5,177,238
1,174.4,199,250
1,161.6,170,229
1,178.2,198,266
1,172.4,181,246
1,175.6,191,259
1,170.5,194,254
1,159.5,173,237
1,174.0,187,255
1,177.7,185,251
1,169.9,188,256
1,171.6,189,249
1,169.4,178,246
1,171.1,195,264
1,172.7,188,245
1,170.1,181,247
1,178.2,189,255
1,173.5,195,254
1,168.0,184,249
1,168.7,175,251
1,171.5,179,255
1,161.5,168,230
1,173.2,180,247
1,169.4,182,258
1,180.0,188,270
1,171.6,181,250
1,179.8,195,259
1,177.6,181,250
1,173.5,194,259
1,167.8,180,251
1,173.4,187,249
1,186.6,194,261
1,160.6,177,234
1,177.0,183,247
1,173.0,183,246
1,184.5,199,286
1,172.0,176,248
1,163.0,173,226
1,169.0,167,241
1,170.8,188,259
1,176.6,198,269
1,171.0,185,255
1,176.2,195,263
1,174.0,177,250
1,163.7,177,236
1,177.0,185,262
1,174.5,192,254
1,173.0,184,257
0,157.5,166,231
0,164.5,172,242
0,159.8,179,234
0,164.6,180,242
0,165.3,182,245
0,165.0,169,232
0,154.4,169,222
0,159.5,178,245
0,156.0,165,215
0,158.5,161,223
0,165.9,174,233
0,160.5,170,228
0,160.0,170,232
0,173.2,177,240
0,155.5,166,233
0,160.0,167,231
0,165.0,172,234
0,162.0,178,233
0,162.5,182,237
0,173.0,177,237
0,173.5,186,256
0,163.2,170,234
0,153.0,165,222
0,159.5,170,241
0,166.7,171,229
0,164.8,182,236
0,159.3,168,227
0,157.0,161,227
0,153.3,165,235
0,153.0,167,223
0,155.5,167,221
0,162.5,172,233
0,161.2,165,219
0,162.0,156,219
0,161.5,171,233
0,152.0,173,232
0,154.3,159,220
0,163.2,171,235
0,164.0,174,234
0,158.5,165,230
0,161.0,154,218
0,164.6,158,231
0,149.3,169,228
0,147.0,160,220
0,177.0,184,255
0,165.0,170,217
0,155.8,161,219
0,160.0,172,231
1,159.8,174,235
1,177.0,185,250
1,177.8,183,249
1,171.5,178,240
1,171.0,184,245
1,178.7,183,252
1,166.7,182,238
1,170.0,172,246
1,178.0,194,257
1,171.0,176,252
1,173.8,181,260
1,175.3,192,258
1,176.5,193,265
1,169.7,185,251
1,177.0,191,254
1,166.8,188,253
1,178.6,194,263
1,171.6,183,249
1,176.0,184,249
1,176.7,189,256
1,165.0,176,251
0,161.0,179,239
0,167.1,186,241
0,166.0,178,232
0,165.8,170,238
0,163.2,175,236
0,164.3,187,247
0,164.4,180,243
0,159.2,163,232
0,171.1,179,250
0,167.1,173,235
0,151.1,161,221
0,155.7,162,237
0,158.3,158,218
0,162.6,172,240
0,164.1,173,228
0,159.6,175,241
0,169.0,176,228
0,162.3,164,228
0,162.0,170,242
0,157.0,168,225
0,171.3,185,245
0,164.3,170,227
0,163.7,166,225
0,160.1,175,236
0,156.4,170,227
0,158.0,169,223
0,165.3,175,232
0,172.8,184,246
0,162.2,168,234
0,154.7,170,216
0,158.6,173,233
0,156.9,168,223
0,158.5,172,224
0,153.8,162,211
0,160.0,166,218
0,157.0,171,224
0,165.3,172,230
0,169.4,177,224
0,162.5,176,234
0,168.5,179,234
0,162.6,166,232
0,155.8,169,219
0,164.7,174,227
0,160.0,162,230
0,163.9,175,228
0,165.0,174,234
0,166.3,179,235
0,159.7,166,221
0,161.5,162,211
0,164.0,179,237
0,156.0,164,218
0,157.6,171,228
0,163.5,174,234
0,160.2,177,236
0,158.0,169,233
0,153.6,169,226
0,159.0,163,212
0,161.3,172,234
0,155.0,166,213
0,158.8,162,220
0,165.7,179,238
0,153.6,154,209
0,147.0,157,218
0,164.7,161,224
0,163.5,169,238
0,160.3,162,211
1,168.5,189,250
1,172.0,189,264
1,171.5,182,245
1,166.5,180,239
1,179.0,192,268
1,169.2,173,245
1,163.5,174,234
1,176.5,185,244
1,166.0,188,247
1,185.4,201,267
1,188.0,202,278
1,168.0,177,237
1,175.0,184,246
1,171.0,175,231
1,173.2,176,244
1,171.0,177,228
1,175.6,170,237
1,180.0,191,258
1,175.0,190,260
1,182.0,184,244
1,172.5,183,250
1,175.6,191,262
1,178.0,191,264
1,170.0,184,257
1,173.0,184,242
1,164.0,166,232
1,177.0,188,257
1,176.8,187,253
1,172.5,177,243
1,170.5,182,248
1,172.0,184,249
1,176.5,184,251
1,178.6,183,249
1,189.0,194,275
1,170.0,184,256
1,184.4,192,270
1,164.5,177,245
1,171.6,187,256
1,184.0,183,250
1,172.6,184,248
1,172.6,179,242
1,175.8,179,247
1,179.0,187,262
0,164.2,173,231
0,162.0,177,232
0,154.5,174,229
0,163.3,174,232
0,159.0,170,223
0,156.2,163,221
0,156.0,160,215
0,158.0,165,219
0,166.5,172,228
0,157.5,162,224
0,159.6,178,232
0,165.0,181,227
0,165.0,164,223
0,160.5,167,224
0,165.0,170,237
0,154.5,155,210
0,153.0,170,215
0,165.2,173,241
0,164.0,168,229
0,164.1,176,233
0,173.8,176,239
0,153.4,166,221
0,150.6,160,217
0,152.8,164,218
0,153.5,170,219
0,155.0,168,231
0,154.6,168,225
0,153.3,164,224
0,159.8,175,236
0,169.2,183,236
0,162.0,178,222
0,165.0,173,239
0,161.5,175,237
0,155.3,186,237
0,163.2,176,221
0,164.3,174,226
0,160.3,159,216
0,163.0,168,234
0,165.0,166,225
0,164.3,179,234
0,157.8,159,222
0,165.5,182,231
0,164.0,184,231
0,166.3,175,230
1,177.0,180,236
1,174.5,189,239
1,173.0,184,251
1,174.0,183,246
1,184.0,193,255
1,174.0,182,246
1,177.0,178,242
1,178.0,191,258
1,182.8,201,267
1,179.2,181,247
1,179.0,193,252
1,177.0,191,251
1,173.5,185,244
1,176.6,180,249
1,171.0,180,233
1,171.5,184,242
1,166.0,173,239
1,182.7,193,251
1,169.2,178,247
1,180.2,192,257
1,182.4,202,261
1,189.2,200,277
1,184.1,194,259
1,174.4,189,253
1,182.5,198,256
1,169.4,177,235
1,178.7,188,256
1,168.5,186,231
1,166.8,178,235
1,176.8,179,242
1,170.4,184,250
1,165.8,183,235
1,191.2,201,281
1,183.0,188,258
1,166.8,178,241
1,176.6,188,251
1,180.5,192,262
1,169.0,170,230
1,169.1,173,240
1,171.5,181,256
1,178.1,185,262
0,162.2,165,232
0,154.2,166,229
0,164.0,169,238
0,159.9,171,233
0,165.6,178,243
0,165.1,171,238
0,154.1,165,227
0,157.4,168,240
0,152.4,175,226
0,159.5,172,228
0,171.4,178,253
0,158.4,167,230
0,156.8,169,223
0,160.0,171,225
0,166.2,173,238
0,151.3,167,227
0,151.8,172,233
0,147.4,150,209
0,152.4,150,213
0,153.6,160,218
0,161.3,164,224
0,156.2,162,222
0,167.0,177,243
0,157.7,174,226
0,159.6,165,223
0,159.6,174,230
0,149.7,169,227
0,150.0,163,227
0,166.4,174,243
0,161.3,174,230
0,153.3,166,225
0,164.0,172,239
0,163.0,170,226
0,157.5,160,223
0,158.7,161,223
0,159.4,170,236
0,152.8,171,220
0,156.3,166,219
0,159.1,168,222
0,156.1,170,222
0,151.1,170,222
0,173.1,181,252
0,164.4,176,239
0,158.0,175,236
0,155.8,174,239
0,156.1,169,235
0,164.8,170,237
0,157.2,164,222
0,160.9,172,229
0,161.2,179,245
0,152.0,162,211
0,158.2,172,227
0,164.2,164,225
0,163.7,164,229
0,154.3,168,217
0,158.2,165,217
0,151.4,154,218
0,176.1,178,244
0,174.0,183,245
0,162.1,160,221
0,152.8,164,224
0,155.3,164,218
0,164.3,177,233
0,155.1,163,216
0,152.7,157,220
0,159.1,172,228
0,158.6,167,219
0,162.1,174,227
0,151.2,169,222
0,163.1,170,230
0,161.4,183,231
0,153.5,174,229
0,153.2,171,235
0,165.4,173,237
0,149.8,167,224
0,152.8,161,217
0,156.4,163,220
0,156.2,170,234
0,158.6,172,229
0,160.0,169,227
0,160.1,161,219
0,168.6,183,244
0,153.1,164,233
0,157.8,165,218
0,160.7,174,242
0,151.4,169,230
1,165.9,162,217
1,176.4,190,254
1,166.6,185,241
1,180.9,194,254
1,183.3,184,262
1,178.3,188,242
1,186.6,197,272
1,184.4,192,254
1,160.2,164,225
1,180.0,187,247
1,170.4,173,236
1,175.7,187,247
1,182.8,189,265
1,178.0,194,257
1,179.1,184,259
1,178.9,186,258
1,167.1,178,241
1,170.2,173,224
1,169.1,198,256
1,167.9,174,229
1,172.5,181,245
1,180.1,188,254
1,176.7,193,255
1,171.1,189,252
1,173.8,186,246
1,176.0,188,258
1,167.9,180,249
1,174.5,180,249
1,169.9,186,242
1,170.0,183,236
1,168.6,172,240
1,176.0,196,258
1,173.6,184,248
1,175.4,167,226
1,172.3,183,238
1,174.7,183,233
1,171.0,178,245
1,164.1,174,229
1,168.7,180,244
1,172.8,202,259
1,174.2,189,256
1,173.7,180,256
0,155.7,174,217
0,161.4,174,229
0,168.8,184,238
0,146.7,165,213
0,170.5,162,230
0,154.4,167,218
0,153.5,159,217
0,149.4,162,216
0,163.0,167,224
0,164.7,167,233
0,153.3,175,239
0,161.1,166,230
0,157.2,162,230
0,157.3,162,230
0,157.6,159,211
0,153.6,177,225
0,140.4,150,203
0,150.7,164,232
0,159.2,177,232
0,155.2,176,233
0,158.3,155,212
0,161.4,168,228
0,159.8,172,234
0,158.2,177,245
0,150.8,171,237
0,174.1,179,247
0,156.2,157,222
0,157.0,168,227
0,153.7,168,227
0,159.4,175,248
0,159.7,168,230
0,162.4,176,234
0,149.9,158,224
0,157.6,170,225
0,165.0,174,233
0,161.5,166,225
0,154.4,162,234
0,160.3,169,239
0,156.1,174,231
0,147.6,159,224
0,163.0,163,228
1,174.0,179,244
1,175.3,179,236
1,180.1,190,253
1,169.4,188,250
1,164.1,177,242
1,174.1,187,259
1,167.4,181,243
1,175.2,176,247
1,179.0,190,274
1,162.5,170,236
1,175.4,186,245
1,171.5,177,252
1,176.0,187,268
1,176.3,188,253
1,159.1,164,232
1,167.6,180,244
1,176.7,199,258
1,179.1,193,255
1,189.2,187,266
1,162.1,189,248
1,168.5,174,250
1,167.2,178,252
1,167.8,175,243
1,163.8,173,241
1,170.5,188,248
1,168.4,191,268
1,162.0,164,229
1,171.0,183,246
1,171.4,181,247
1,172.0,192,259
1,172.3,187,268
1,179.0,200,270
1,179.9,194,268
1,165.4,180,240
1,170.2,174,247
1,173.1,191,256
1,169.7,180,245
1,176.6,193,269
1,164.4,171,244
1,170.2,184,246
1,161.2,170,244
0,166.1,180,248
0,158.9,166,225
0,168.9,186,240
0,166.3,184,250
0,160.5,171,229
0,160.9,174,238
0,166.0,182,246
0,154.9,164,224
0,152.1,159,221
0,156.5,161,225
0,159.9,177,232
0,168.1,186,246
0,163.9,186,247
0,159.4,169,229
0,151.6,155,205
0,154.6,166,220
0,150.6,162,229
0,168.3,176,246
0,156.5,169,235
0,154.5,167,220
0,153.1,162,218
0,164.9,167,244
0,166.3,167,225
0,169.2,177,246
0,156.9,159,224
0,159.2,167,222
0,166.2,170,241
0,155.8,159,213
0,165.2,174,237
0,163.0,179,242
0,173.5,197,261
0,152.8,166,220
0,155.1,172,227
0,154.2,171,221
0,157.1,170,235
0,169.1,175,243
0,157.2,169,231
0,163.6,176,237
0,153.4,180,235
0,148.2,155,220
0,145.5,161,221
0,159.1,174,235
0,160.0,177,233
0,159.7,166,221
1,174.0,169,243
1,176.2,180,256
1,172.5,181,258
1,173.5,181,261
1,176.7,198,272
1,174.2,176,249
1,163.5,175,240
1,177.1,186,266
1,158.1,174,226
1,172.7,188,241
1,171.3,181,251
1,168.4,178,246
1,168.4,175,251
1,177.0,179,253
1,166.2,178,237
1,175.6,182,255
1,167.8,180,242
1,170.1,184,246
1,159.0,173,239
1,167.7,178,254
1,166.7,179,241
1,179.0,191,253
1,180.6,189,254
1,170.4,174,230
1,159.4,173,238
1,162.6,176,235
1,170.1,177,244
1,173.5,196,263
1,173.6,183,249
1,167.4,168,240
1,172.8,174,235
1,173.6,184,242
1,173.6,181,253
1,170.7,180,250
1,165.9,179,244
1,165.2,173,241
1,160.6,172,233
1,169.4,177,245
1,177.4,188,248
1,173.6,178,249
1,166.8,177,245
1,178.1,192,243
1,181.1,191,265
1,168.1,164,238
1,170.8,186,262
1,180.8,194,259
1,175.5,185,251
1,170.1,178,236
1,176.1,178,264
1,173.5,182,256
1,161.3,170,250
1,172.4,184,249
1,174.5,195,250
1,171.4,179,239
1,179.3,184,254
1,171.1,183,254
1,168.4,184,246
1,180.5,185,261
1,171.9,176,242
1,176.5,197,272
1,174.6,198,266
1,175.8,183,246
1,174.1,181,255
1,175.7,192,269
1,166.0,175,239
1,168.8,180,240
1,189.2,197,272
1,174.8,187,252
1,170.8,173,258
1,170.5,173,245
1,170.4,180,254
1,175.4,181,250
1,165.5,170,238
1,167.2,185,245
1,164.0,181,248
1,163.4,167,239
1,169.7,180,258
1,162.6,174,236
1,159.7,169,237
1,168.3,180,251
1,175.6,189,267
0,150.3,167,226
0,153.0,167,214
0,170.5,178,252
0,162.4,173,232
0,160.0,168,225
0,159.0,165,227
0,157.1,164,227
0,155.0,164,210
0,157.0,161,218
0,166.5,179,234
0,157.8,165,222
0,152.1,163,217
0,158.0,171,231
0,153.0,174,241
0,161.0,183,247
0,153.1,161,213
0,160.8,172,236
0,155.9,176,232
0,159.8,179,243
0,151.1,162,217
0,156.4,172,244
0,161.2,170,231
0,156.7,167,223
0,166.7,181,249
0,152.7,164,231
0,160.4,178,244
0,170.4,180,248
0,156.5,166,230
0,149.0,162,223
0,151.1,161,216
0,158.1,167,222
0,157.4,153,223
0,162.4,164,233
0,163.9,160,229
0,149.0,163,221
0,155.2,165,219
0,169.3,183,252
0,153.5,163,223
0,158.9,171,249
0,156.1,174,236
0,161.3,182,243
1,171.1,191,270
1,170.8,178,252
1,180.0,194,272
1,176.7,178,255
1,167.8,179,252
1,183.5,196,262
1,170.0,178,246
1,168.3,187,252
1,174.0,185,255
1,167.7,179,253
1,171.3,173,250
1,176.0,188,265
1,175.6,191,253
1,162.8,169,231
1,168.3,184,245
1,169.5,176,244
1,164.8,171,245
1,159.4,184,255
1,165.7,172,245
1,166.8,175,254
1,179.5,187,259
1,177.8,192,262
1,167.1,184,247
1,157.2,165,224
1,173.1,181,253
1,175.5,189,264
1,176.5,189,246
1,180.4,183,260
1,176.1,184,247
1,170.0,171,246
1,166.3,176,239
1,160.4,172,243
1,170.8,180,241
1,166.2,171,246
1,154.7,162,226
1,161.9,188,251
1,160.6,172,228
1,173.5,188,259
1,159.2,176,235
1,174.0,183,255
1,166.5,186,244
1,165.6,178,240
1,174.4,185,261
1,176.0,196,266
1,172.9,183,244
1,170.4,171,240
0,166.8,179,240
0,161.5,175,240
0,163.4,171,231
0,160.4,165,222
0,155.4,167,226
0,151.0,163,218
0,163.1,181,244
0,155.5,183,245
0,157.8,172,233
0,169.5,176,250
0,159.9,182,239
0,157.1,162,229
0,162.3,161,229
0,151.1,162,217
0,161.5,163,222
0,150.5,164,234
0,161.2,174,235
0,158.5,167,233
0,154.4,165,221
0,169.0,179,245
0,148.8,163,231
0,159.3,169,225
0,155.8,172,233
0,166.4,172,240
0,151.3,160,229
0,158.6,182,234
0,155.7,169,221
0,150.3,164,223
0,159.7,166,230
0,153.0,169,227
0,150.2,166,225
0,157.6,160,225
0,160.2,180,240
0,146.5,165,228
0,153.5,167,223
0,161.7,181,240
0,163.7,165,226
0,164.0,173,236
0,166.9,166,236
0,156.9,151,212
0,167.0,179,236
0,156.3,165,229
0,158.7,166,247
0,153.6,156,230
0,165.3,172,243
0,166.3,177,245
0,163.9,180,245
0,170.4,167,244
0,153.7,175,230
0,163.5,165,238
0,165.8,183,235
0,172.7,179,240
0,156.5,163,226
0,157.5,178,240
0,156.8,177,233
0,154.5,175,234
0,157.3,162,229
0,162.5,164,228
0,158.3,165,227
0,161.9,169,231
0,157.2,171,238
0,162.1,175,233
0,166.2,170,235
0,154.5,163,233
0,161.4,172,241
0,161.5,175,246
0,162.5,171,244
0,155.0,169,230
0,159.7,173,239
0,156.8,154,209
0,164.9,172,232
0,174.9,184,248
0,165.6,173,236
0,153.0,169,238
0,169.0,170,249
0,151.2,158,233
0,159.6,181,237
0,166.8,177,256
0,160.8,170,235
0,156.7,177,237
0,160.2,182,241
0,158.3,176,238
0,166.0,182,249
0,161.0,174,230
1,158.4,169,235
1,166.6,171,231
1,169.7,183,249
1,176.6,185,252
1,187.5,197,276
1,174.3,195,262
1,162.6,178,242
1,165.1,172,246
1,177.8,187,258
1,174.7,200,262
1,172.5,188,247
1,172.6,182,257
1,164.1,174,231
1,177.3,187,254
1,166.6,175,250
1,168.9,179,243
1,171.6,184,249
1,160.8,179,241
1,183.6,188,260
1,165.3,185,251
1,176.0,178,242
1,164.4,179,241
1,175.5,179,252
1,170.1,186,244
1,166.4,179,255
1,170.3,184,261
1,175.7,198,257
1,169.8,184,251
1,163.2,175,252
1,166.8,171,241
1,176.2,192,267
1,167.3,170,239
1,178.5,199,273
1,175.2,183,261
1,167.2,184,232
1,173.7,187,252
1,178.5,191,264
1,167.7,181,246
1,174.5,179,257
0,158.9,174,234
0,158.3,178,237
0,158.4,161,228
0,149.3,155,212
0,162.3,173,230
0,157.3,171,236
0,157.7,178,237
0,163.5,177,237
0,166.3,177,243
0,157.8,164,223
0,154.8,174,237
0,173.0,177,228
0,152.8,154,218
0,149.0,164,225
0,163.5,175,235
0,165.1,168,242
0,159.3,168,230
0,164.4,169,225
0,168.9,173,237
0,157.6,163,225
0,169.8,173,242
0,160.8,163,231
0,162.4,169,225
0,159.2,161,222
0,156.2,163,222
0,161.3,160,214
0,165.2,185,249
0,155.0,161,228
0,150.3,164,212
0,152.8,160,227
0,159.4,175,222
0,161.2,172,236
0,161.5,179,230
0,164.3,174,239
0,158.2,157,221
0,159.4,162,224
0,163.3,181,251
0,163.9,170,240
0,160.7,164,228
0,158.7,165,228
0,159.8,167,225
0,157.5,156,226
1,171.2,189,248
1,166.0,182,251
1,176.2,188,265
1,176.3,184,241
1,174.6,190,261
1,171.7,187,254
1,174.7,188,261
1,166.5,183,255
1,178.4,193,251
1,168.7,190,242
1,176.1,201,264
1,179.7,197,267
1,175.2,190,272
1,169.6,196,255
1,165.6,182,245
1,172.3,185,255
1,170.2,185,252
1,172.8,191,262
1,164.7,183,248
1,172.5,189,253
1,162.9,180,257
1,162.9,186,252
1,169.8,183,260
1,174.1,174,253
1,165.6,186,260
1,165.0,174,240
1,167.8,186,250
1,168.9,181,247
1,175.8,188,264
1,172.7,183,257
1,179.5,191,277
1,171.0,175,237
1,172.0,182,256
1,162.5,182,251
1,177.5,187,264
1,177.5,198,259
1,169.2,178,248
1,174.8,181,254
1,178.0,182,252
1,174.8,185,260
1,162.7,178,240
0,152.8,164,217
0,158.4,176,237
0,159.6,162,236
0,160.4,164,224
0,156.4,165,227
0,164.3,174,233
0,167.8,180,236
0,153.7,168,229
0,170.2,179,237
0,166.7,179,233
0,157.6,172,233
0,156.8,174,237
0,153.7,169,232
0,168.5,173,232
0,163.6,159,223
0,162.7,171,230
0,166.0,175,235
0,166.3,166,236
0,160.0,174,244
0,152.4,163,237
0,165.0,166,230
0,162.8,168,230
0,159.0,171,228
0,164.6,166,234
0,153.1,165,220
0,158.4,163,221
0,177.6,185,255
0,157.1,177,241
0,157.3,166,223
0,158.3,172,237
0,156.1,164,223
0,156.6,164,222
0,161.9,174,232
0,157.7,166,233
0,152.3,161,226
0,157.3,169,235
0,162.9,170,238
1,170.8,182,245
1,162.7,166,236
1,174.1,184,264
1,165.4,183,253
1,172.0,194,249
1,165.8,189,267
1,171.5,184,259
1,179.2,195,259
1,177.9,190,253
1,160.1,178,236
1,159.5,174,233
1,163.6,178,247
1,167.5,178,251
1,165.7,173,227
1,164.5,175,240
1,178.8,183,255
1,179.5,185,257
1,175.2,194,256
1,178.8,194,269
1,163.4,189,250
1,160.6,172,235
1,176.0,193,270
1,171.5,188,264
1,170.3,174,245
1,170.8,198,261
1,178.8,190,260
1,171.3,186,243
1,170.7,180,255
1,173.1,201,265
1,173.8,176,244
1,178.9,207,287
1,164.4,187,243
1,165.2,186,244
1,173.1,188,262
1,178.3,198,258
1,174.2,193,261
1,167.2,187,256
1,170.3,188,264
1,172.4,187,254
1,168.1,188,259
1,170.0,178,244
1,163.5,182,245
1,165.6,185,254
1,168.4,183,253
1,171.3,185,254
1,172.5,183,252
1,173.2,198,271
1,171.8,192,252
1,182.5,203,273
1,172.4,185,248
1,165.3,182,236
1,179.2,194,266
1,171.0,188,253
1,176.8,190,265
1,174.2,186,259
1,175.9,182,248
1,178.0,182,248
1,175.4,186,260
1,174.4,184,241
1,166.5,183,245
1,163.9,179,237
1,165.3,185,250
1,168.9,184,242
1,162.5,174,243
1,172.3,186,256
1,169.9,184,248
1,164.6,183,247
1,168.4,181,245
1,167.0,187,249
1,165.6,175,237
1,174.7,195,262
1,178.5,197,274
1,161.3,173,236
1,160.3,165,225
1,178.8,187,265
1,174.8,183,253
1,179.7,190,256
1,171.2,194,258
1,169.6,184,263
0,160.2,169,224
0,157.8,169,237
0,158.7,173,230
0,166.6,172,245
0,156.7,166,221
0,158.5,155,223
0,158.0,176,238
0,170.0,183,243
0,168.5,180,244
0,149.9,161,218
0,151.0,178,232
0,160.1,163,213
0,160.0,159,213
0,160.2,169,237
0,156.2,159,220
0,156.2,163,228
0,158.3,174,227
0,153.4,179,249
0,161.2,176,232
0,157.4,166,236
0,158.7,181,245
0,162.0,177,247
0,172.7,188,246
0,158.3,166,218
0,174.4,185,254
0,149.9,166,218
0,166.5,182,243
0,153.8,165,222
0,157.5,170,233
0,155.3,172,235
0,155.7,168,234
0,161.2,163,233
0,165.5,172,244
0,164.7,166,223
1,173.8,188,263
1,174.2,188,248
1,173.2,183,252
1,169.2,175,236
1,168.7,187,259
1,175.4,188,256
1,178.9,198,263
1,162.7,176,239
1,169.8,189,242
1,163.8,176,241
1,168.3,178,239
1,169.3,193,260
1,164.8,179,245
1,162.3,170,242
1,163.0,182,237
1,169.5,184,257
1,171.4,183,256
1,175.0,187,266
1,181.1,191,259
1,168.2,184,256
1,171.2,175,246
1,161.8,180,237
1,161.9,170,236
1,172.6,181,255
0,160.4,163,232
0,150.4,166,222
0,163.9,170,238
0,166.4,182,243
0,157.6,161,217
0,160.3,174,246
0,160.3,179,239
0,159.7,173,228
0,158.6,168,241
0,159.3,165,232
0,159.3,172,228
0,161.9,175,240
0,150.7,165,224
0,155.2,170,247
0,155.4,168,229
0,164.0,174,238
0,161.1,172,230
0,166.3,186,248
0,162.3,166,220
0,167.5,165,234
0,150.5,176,229
0,145.8,163,219
0,161.2,170,233
0,166.5,187,246
0,159.9,180,234
0,160.9,175,246
0,156.7,168,230
0,147.3,159,225
0,163.8,171,233
0,162.5,169,237
0,148.7,161,229
0,162.5,162,224
0,174.4,179,256
0,162.4,175,253
0,160.2,173,233
0,162.1,171,243
0,164.3,157,231
0,162.2,180,245
0,163.5,179,248
0,157.0,173,239
0,155.6,174,239
1,168.9,175,232
1,183.4,199,261
1,181.6,193,262
1,161.5,180,228
1,169.7,177,241
1,169.8,180,246
1,157.8,177,242
0,159.6,167,221
0,165.9,169,235
0,160.6,163,225
0,143.8,143,187
0,162.7,173,235
0,171.5,181,233
0,159.7,163,230
0,154.8,173,209
0,164.5,161,225
1,172.7,190,256
1,176.2,185,247
1,176.8,178,246
1,166.1,170,239
1,174.1,189,247
1,171.4,183,242
1,171.2,181,255
1,166.9,186,247
1,154.8,175,235
1,168.8,176,241
0,163.5,163,232
0,153.5,162,222
1,174.2,191,253
1,168.5,176,240
1,168.8,176,241
1,171.5,180,247
1,174.3,180,261
1,174.8,188,255
1,165.4,178,244
1,174.1,189,256
