height,foot_size
166.7,260
165.6,263
172.9,240
168.5,243
160.2,234
164.2,247
158.9,238
153.1,227
153.8,220
163.2,232
165.1,245
174.5,254
153.2,229
158.4,226
158.1,222
171.5,258
164.6,235
175.7,247
174.4,261
169.8,253
166.9,232
173.1,239
171.3,255
156.5,234
167.2,226
157.8,228
156.1,220
163.1,230
161.2,236
161.7,237
166.9,233
162.8,223
159.6,236
163.9,246
169.0,258
153.0,218
170.9,239
159.1,237
168.5,250
161.7,239
169.9,243
157.6,232
167.7,237
158.6,238
162.2,238
156.5,218
159.1,227
164.8,226
165.7,238
166.0,238
160.6,234
154.0,222
155.5,230
169.3,246
163.8,250
160.8,237
162.5,222
153.5,213
161.0,240
160.5,224
154.6,223
156.4,233
158.5,237
160.0,230
154.0,228
177.0,263
162.7,231
159.2,222
165.9,249
153.6,229
170.4,254
164.0,230
172.8,243
172.2,262
175.7,256
178.8,255
170.0,250
175.2,246
173.6,264
176.4,256
177.5,250
173.4,250
177.1,259
172.0,250
178.1,268
175.1,243
166.4,257
169.1,250
179.0,254
172.0,247
183.7,268
172.5,249
183.0,265
178.6,257
184.1,267
172.7,260
168.4,248
162.1,234
161.1,231
160.0,223
159.9,233
163.7,233
158.6,224
152.1,206
160.3,234
170.2,251
171.1,247
164.0,232
166.6,233
163.7,238
154.2,226
161.2,236
155.8,216
162.2,232
160.7,228
167.9,233
155.1,226
166.8,239
167.4,227
167.2,224
163.8,243
158.1,235
162.8,236
163.6,220
153.1,210
170.0,248
162.9,222
156.7,213
169.7,241
158.2,227
148.5,198
164.4,233
170.4,250
170.1,251
163.4,240
161.5,238
160.2,225
164.8,247
161.2,235
168.3,238
168.5,231
167.7,249
159.0,225
163.3,226
169.8,242
158.2,227
157.0,224
166.6,244
160.4,217
165.1,231
163.5,236
163.1,240
158.2,232
164.5,250
170.6,243
164.5,236
158.1,226
157.5,238
169.6,238
156.9,208
153.9,234
172.7,252
157.2,214
165.2,236
161.6,240
161.8,222
155.3,208
160.0,227
174.2,255
185.0,268
172.6,257
178.3,262
173.7,258
174.9,257
163.8,238
177.6,257
177.6,254
160.1,234
181.0,271
176.1,257
180.6,273
167.4,241
178.5,252
175.6,267
185.3,275
179.5,248
182.0,269
182.0,268
180.4,269
173.7,252
175.9,265
176.4,261
173.3,270
181.8,280
171.3,242
166.5,230
167.4,242
173.3,250
177.2,243
176.1,250
168.2,243
175.9,252
183.1,272
174.0,256
183.3,256
169.5,246
165.0,253
185.6,258
156.9,232
167.7,240
170.0,233
173.8,256
177.1,261
172.8,260
178.0,251
174.8,261
175.1,253
176.5,268
175.8,246
177.2,272
182.7,268
178.8,270
179.0,255
173.5,245
174.6,266
154.7,230
163.8,233
160.6,235
157.7,229
155.4,219
170.3,257
166.2,244
160.9,221
154.9,224
159.0,226
158.3,226
161.8,231
152.4,225
164.1,226
166.5,238
161.4,237
158.5,224
162.7,248
165.6,247
156.7,234
164.5,228
164.1,229
157.5,225
167.2,249
158.5,231
158.1,226
152.2,224
164.9,240
153.0,211
155.4,224
165.4,240
169.7,250
169.0,240
151.4,218
152.5,211
159.7,230
159.5,233
161.2,235
164.9,239
154.8,227
164.6,240
172.1,238
161.9,230
159.3,241
160.0,229
161.2,222
166.0,234
160.3,228
164.9,231
163.5,234
160.7,225
158.6,222
153.8,218
158.9,217
153.7,220
167.4,250
163.0,240
157.2,218
160.5,238
152.2,215
156.2,230
158.3,223
172.6,234
172.5,245
160.8,237
164.9,240
156.0,226
158.0,232
159.5,225
150.2,209
162.7,234
159.4,240
169.9,233
167.8,243
160.1,242
156.8,234
161.2,235
159.1,225
157.8,229
164.4,232
161.9,223
163.1,235
157.2,226
162.4,240
156.0,222
159.4,225
160.2,228
158.9,227
159.0,237
161.1,240
157.7,227
156.0,229
167.0,238
165.5,235
164.8,251
176.5,257
177.1,258
163.4,242
167.3,245
174.6,246
171.1,239
174.0,256
174.7,258
173.2,253
171.5,244
186.1,262
168.9,248
162.1,227
176.1,266
176.5,247
172.0,250
166.0,243
174.7,251
178.4,252
176.6,250
183.0,281
166.4,249
171.8,248
176.3,252
176.6,270
182.8,264
166.0,238
185.2,257
167.3,253
184.1,268
170.7,263
175.8,254
169.3,256
170.3,242
166.5,238
170.9,252
178.6,254
176.5,254
169.2,249
178.9,254
176.8,265
174.4,248
166.4,237
173.4,250
187.7,268
166.8,253
175.8,253
173.6,252
176.9,263
174.1,252
174.4,258
169.6,253
179.0,243
173.6,242
167.1,246
169.1,248
176.4,264
171.2,240
177.9,267
162.2,225
156.7,229
164.7,236
163.2,218
164.7,237
171.5,244
162.9,243
167.6,244
159.4,213
181.0,201
163.6,236
162.7,233
156.4,231
168.1,247
157.0,223
154.5,214
177.2,243
168.7,238
151.9,211
171.2,261
159.9,237
164.1,237
166.1,239
154.6,211
161.0,232
150.8,221
174.7,237
161.0,240
152.9,224
157.8,235
171.0,236
159.5,245
161.0,224
158.4,236
161.8,243
159.4,242
159.0,225
158.8,218
163.5,248
166.5,238
168.2,243
155.5,236
167.7,226
163.6,248
159.5,232
150.8,217
157.5,220
176.1,235
158.5,226
167.7,237
153.3,208
162.5,242
158.2,222
167.0,228
170.1,256
166.6,241
172.1,249
162.0,219
167.1,252
159.7,230
158.1,230
159.9,229
154.3,223
161.5,231
162.0,233
158.5,221
168.0,250
152.4,214
153.8,226
154.5,225
161.0,227
156.9,221
159.7,232
160.9,225
161.6,234
161.8,236
163.3,246
151.6,211
163.7,231
167.8,236
162.5,235
163.3,228
162.2,238
154.8,231
152.1,225
159.4,220
165.6,234
158.2,219
155.1,223
167.3,235
159.1,226
167.4,244
161.4,242
160.7,226
161.9,230
158.6,212
184.2,271
175.6,248
173.1,255
170.1,252
185.1,258
170.3,253
179.5,262
184.3,256
167.9,228
177.7,245
175.4,261
171.5,245
171.0,265
177.0,251
178.1,253
173.2,258
179.4,263
173.7,253
191.0,272
174.1,250
168.1,248
181.0,269
180.9,267
184.4,260
169.1,242
174.5,251
182.9,263
167.8,242
181.9,268
182.6,274
170.6,260
176.2,243
158.6,232
177.4,262
179.9,257
172.4,255
163.5,246
179.4,269
191.0,272
164.0,256
173.0,253
172.6,255
174.3,259
176.9,264
180.3,259
181.9,268
169.5,251
176.5,251
174.9,259
175.0,256
171.1,246
169.2,242
181.7,267
172.6,248
161.3,234
185.4,258
172.0,255
182.9,261
180.0,247
173.0,248
171.3,245
187.3,267
173.6,258
180.9,266
176.1,250
162.6,240
171.4,253
178.3,267
173.5,254
164.2,240
173.1,245
166.7,265
176.4,255
171.9,253
177.5,250
169.6,254
171.1,252
178.2,256
176.0,266
174.9,259
159.2,228
160.9,223
164.8,232
155.6,226
164.1,254
159.6,227
164.8,236
166.5,230
162.1,230
164.4,233
148.1,211
156.5,219
165.7,236
158.6,227
157.1,235
162.4,233
162.2,236
163.7,225
161.2,222
158.6,226
164.6,234
167.8,249
156.9,213
162.6,237
159.3,226
161.7,244
164.2,227
157.0,226
165.5,231
162.4,231
163.4,226
164.1,243
167.9,234
149.8,193
162.7,222
157.6,227
155.1,228
153.7,218
162.8,223
167.6,239
155.6,223
169.7,230
162.4,232
155.6,218
162.0,221
159.3,221
157.7,224
161.8,235
164.3,219
162.9,238
158.1,226
166.1,251
164.1,244
158.5,237
156.1,232
165.8,234
162.9,229
163.3,245
156.8,236
160.8,227
161.7,240
159.0,232
170.2,234
167.6,237
154.9,218
160.1,242
160.5,240
152.9,220
166.1,236
156.3,231
164.4,245
164.9,243
161.5,237
162.6,232
162.9,229
161.1,229
154.8,223
162.6,237
168.2,236
160.3,216
165.0,237
164.8,228
161.5,229
168.1,240
160.6,236
162.8,238
155.9,217
164.4,242
162.1,239
164.9,240
166.1,228
161.4,221
155.8,210
162.5,242
154.9,224
168.4,243
156.5,230
162.8,231
157.6,226
178.6,274
174.6,260
169.3,247
179.0,265
181.1,255
169.4,252
176.4,254
167.0,253
167.2,255
188.7,292
171.6,249
172.0,241
176.2,260
175.1,268
177.3,250
172.3,252
179.4,259
174.3,247
168.4,249
182.0,277
176.0,258
176.0,261
166.1,244
171.9,264
177.4,263
178.8,268
181.6,267
169.1,253
168.6,249
171.5,246
175.4,255
176.5,272
170.6,260
175.6,249
174.8,253
175.8,271
169.1,264
173.9,256
173.8,251
175.8,254
172.0,254
173.0,249
177.0,258
174.1,264
182.5,264
169.6,249
184.6,258
168.6,242
170.8,254
169.3,235
180.6,257
185.0,277
176.5,258
164.4,243
158.6,235
158.6,233
171.8,244
171.3,235
167.7,236
162.9,228
157.1,221
169.0,236
158.0,225
159.2,236
164.9,230
166.5,245
155.8,221
158.3,233
155.7,219
158.2,220
176.0,255
156.6,225
160.2,237
155.6,233
161.5,224
159.8,243
164.7,232
156.4,224
162.9,235
165.8,242
160.6,237
158.9,217
153.9,219
156.2,224
162.6,235
162.7,238
152.9,226
165.0,231
160.5,235
164.0,234
165.5,254
154.3,225
162.7,228
163.7,238
156.8,221
167.1,236
164.4,241
154.3,223
158.6,238
158.5,226
151.9,217
163.7,229
157.4,219
163.0,228
167.0,244
154.7,217
171.0,244
157.8,215
160.8,242
158.6,224
156.4,234
152.9,221
158.8,242
155.3,220
165.4,234
159.9,231
163.9,234
170.0,252
162.2,237
153.2,221
161.1,226
161.6,222
152.3,223
158.9,236
164.4,230
153.1,226
158.6,237
171.7,230
162.6,238
156.0,219
156.8,217
161.8,245
157.9,227
158.9,239
163.4,232
168.2,235
158.0,225
164.7,222
157.1,230
153.7,211
165.5,244
164.6,238
154.0,224
166.2,244
166.1,242
167.8,237
163.0,230
158.1,231
173.6,241
179.5,258
182.5,264
183.5,284
185.2,290
173.5,262
169.8,254
176.1,255
173.0,254
170.2,253
174.0,248
171.0,253
179.3,254
163.9,232
175.3,256
173.4,261
177.2,252
177.2,267
175.8,259
177.3,263
177.2,266
176.2,242
176.5,269
175.8,260
184.6,255
177.9,256
182.2,274
174.4,266
176.1,267
166.4,228
176.6,249
184.2,252
178.4,268
166.3,232
187.2,267
170.3,238
178.6,243
175.5,255
179.9,253
180.4,253
173.4,255
171.8,249
171.6,255
171.2,254
166.8,243
174.5,239
176.5,264
175.8,260
172.5,254
184.1,262
184.9,275
175.0,259
185.4,269
178.8,272
175.4,261
172.9,255
158.7,230
153.6,222
163.6,244
165.2,242
153.1,222
165.4,244
158.9,232
162.7,228
155.2,232
160.6,236
169.3,249
153.7,238
157.9,227
170.6,243
173.6,257
157.8,218
167.9,240
163.5,247
155.5,220
157.4,217
162.3,223
168.9,248
162.8,235
163.1,224
144.4,205
154.6,221
160.1,229
167.0,229
159.4,228
158.7,226
164.9,245
159.7,234
159.7,213
153.3,219
164.4,236
170.3,244
162.6,241
162.3,230
160.8,225
158.3,225
166.2,241
159.6,231
160.2,235
160.8,225
159.6,231
158.9,226
164.9,234
158.9,235
162.0,220
163.8,227
160.7,222
163.2,228
156.6,218
164.6,213
165.1,237
167.1,225
154.6,228
159.0,230
154.4,228
160.0,240
155.6,216
157.8,225
162.1,217
152.1,218
164.0,246
158.4,224
163.6,236
155.9,221
168.6,227
153.7,229
160.1,234
161.2,236
160.0,232
158.1,222
156.9,215
152.8,224
164.5,234
167.0,230
159.0,236
158.5,221
164.3,235
156.2,211
160.0,228
163.0,240
157.4,235
156.8,235
156.9,234
164.3,238
165.1,240
162.1,230
166.5,243
155.4,228
157.1,218
164.2,235
171.3,239
161.9,225
162.5,234
156.5,213
162.5,227
161.3,223
170.0,254
161.1,240
156.0,227
167.3,250
162.9,238
155.6,222
163.8,239
164.3,236
165.6,245
165.5,235
159.6,228
173.5,254
172.8,256
174.8,275
183.0,267
167.2,243
187.6,274
170.8,235
166.1,238
179.3,252
173.2,255
168.8,240
175.1,250
170.0,244
172.7,252
178.2,264
173.7,260
168.4,239
181.2,273
166.4,240
167.0,242
166.7,248
175.6,253
169.2,245
171.9,241
167.3,228
171.6,235
177.3,251
175.5,257
177.0,250
178.1,258
176.9,255
177.1,263
175.4,254
174.4,259
172.1,246
180.9,256
180.8,273
175.0,247
168.8,251
176.1,259
177.2,263
175.8,258
178.5,251
174.4,253
174.1,253
177.3,260
174.3,242
169.6,244
174.8,238
183.6,270
177.8,257
175.9,262
181.0,261
174.6,253
176.8,243
175.4,271
184.0,271
175.9,253
183.3,263
174.4,252
175.8,255
177.6,260
172.4,239
171.0,250
161.8,235
173.6,258
175.9,263
182.0,254
171.8,257
187.6,284
170.2,244
162.7,237
180.7,257
169.4,253
181.5,257
167.5,231
172.9,261
175.9,253
185.3,273
175.9,250
175.3,273
177.5,263
160.7,232
164.0,233
153.5,218
155.3,213
167.0,234
163.1,239
164.4,235
163.9,235
165.4,243
162.5,236
163.3,230
158.9,221
164.1,226
157.4,230
166.0,240
154.1,218
164.6,236
159.8,228
154.7,215
155.8,219
165.1,252
169.0,239
159.4,223
156.3,227
165.1,237
163.0,235
161.4,223
160.9,232
161.4,221
160.6,228
153.1,225
162.4,236
165.1,225
162.8,234
167.6,242
157.9,220
167.8,239
165.5,234
170.0,242
157.1,215
170.8,238
152.7,220
159.2,250
163.4,228
152.5,220
167.4,240
158.1,225
154.6,215
167.9,237
172.5,238
163.0,230
165.3,238
168.5,243
156.1,217
153.3,223
168.7,239
158.7,218
157.3,226
159.2,228
158.1,230
156.5,218
166.0,246
163.9,225
165.9,241
170.6,242
154.2,219
154.7,210
166.0,237
159.9,230
165.3,231
160.8,222
158.9,222
151.4,214
158.2,233
165.9,230
163.0,225
168.6,232
166.5,231
161.5,226
163.6,248
159.4,235
162.4,234
169.1,245
163.1,216
159.9,221
167.4,239
159.3,221
154.4,223
156.8,223
163.4,230
158.0,220
159.0,232
161.2,227
166.3,238
155.3,230
161.8,224
158.5,225
169.7,251
157.7,227
169.2,254
167.0,235
168.4,230
156.1,215
159.7,230
160.2,239
180.9,256
175.9,250
170.0,247
173.1,246
167.9,251
166.0,234
176.8,251
168.2,231
172.5,255
189.5,282
183.5,269
178.5,261
174.8,247
173.7,258
177.1,249
172.1,256
183.4,258
174.5,264
180.2,274
167.2,235
182.4,267
163.7,233
178.9,270
171.1,249
183.2,264
173.2,242
178.1,260
164.7,250
175.1,255
179.2,253
177.7,244
173.1,248
169.8,251
180.8,256
168.2,245
170.3,251
174.9,253
172.3,247
169.5,257
173.8,250
171.6,256
176.6,250
174.5,271
174.7,252
175.2,243
180.3,267
173.8,245
167.7,256
176.1,259
171.0,250
172.0,252
168.9,246
178.0,267
176.2,263
175.1,270
180.8,264
179.5,266
175.5,255
177.2,263
173.7,260
169.4,250
173.6,247
179.7,257
178.2,268
181.6,268
173.1,244
179.1,273
177.0,262
167.6,243
180.4,270
169.2,250
170.9,252
172.9,257
175.6,258
177.5,265
176.4,246
171.0,237
172.6,261
161.9,249
176.4,249
179.4,248
177.5,263
166.9,234
166.7,254
171.7,245
174.0,259
179.0,251
163.4,234
163.5,236
157.4,217
145.0,212
159.9,234
163.0,222
161.1,229
164.2,227
158.4,226
157.1,216
162.2,221
161.0,238
160.1,235
160.2,224
160.0,234
157.5,215
169.1,252
156.3,227
169.6,235
155.1,228
154.8,210
161.9,234
163.1,239
157.4,227
153.6,215
162.5,232
168.9,244
161.1,230
156.5,217
160.1,236
168.1,247
161.2,219
156.0,217
163.6,237
165.5,234
164.7,235
158.6,230
150.9,217
156.1,227
154.1,214
171.3,251
153.4,217
163.0,237
163.5,237
166.5,244
153.0,203
159.1,220
164.7,244
156.7,228
166.6,239
159.3,229
163.3,228
156.9,219
158.3,231
166.8,222
163.5,221
158.6,226
153.7,219
153.9,227
160.8,225
152.1,224
169.8,238
158.4,216
163.1,236
172.6,235
157.4,218
153.4,213
168.8,231
167.2,241
161.0,226
167.2,250
158.3,223
164.4,232
163.5,229
162.0,242
163.9,238
162.4,229
158.7,231
167.9,232
166.1,238
160.8,241
160.5,232
176.5,256
176.0,259
178.8,264
182.8,260
184.2,278
174.6,253
168.3,243
169.0,246
180.4,256
174.9,265
164.6,216
172.8,250
167.4,246
171.7,236
172.4,256
170.2,247
178.1,251
167.0,245
162.2,239
175.9,252
165.9,242
171.3,250
172.2,242
181.7,265
177.9,253
170.8,250
175.9,264
177.4,262
174.5,251
164.9,240
174.4,241
178.3,263
173.3,260
172.8,247
182.2,247
177.8,259
169.3,245
171.0,261
187.6,282
168.7,242
168.7,262
179.7,258
180.2,270
179.7,272
166.3,248
181.0,263
167.8,245
171.2,257
180.7,251
168.8,248
178.3,264
174.2,243
181.7,242
178.2,262
181.4,264
179.5,277
182.2,274
170.7,253
170.5,242
180.7,262
165.4,242
168.5,253
177.9,250
179.5,261
176.1,268
177.2,256
176.0,262
182.8,258
180.2,265
186.7,280
176.2,258
170.3,236
174.5,253
171.2,259
171.6,250
179.6,255
171.1,248
168.8,243
180.4,268
171.3,237
170.5,254
173.2,238
168.2,228
174.3,249
158.6,243
161.3,237
163.1,238
161.8,228
160.4,231
166.5,251
161.0,232
158.5,220
149.7,213
163.3,238
161.9,228
155.6,225
157.8,232
162.5,225
160.6,224
166.8,234
163.5,236
162.3,230
165.3,231
156.0,218
162.7,233
169.0,246
157.4,228
160.0,217
151.2,210
161.2,245
170.9,248
173.9,240
171.0,251
179.8,265
169.4,243
176.1,245
178.1,243
170.2,233
174.8,241
164.8,229
174.5,261
168.7,240
174.6,259
175.4,256
176.7,256
180.0,256
159.0,220
155.7,228
163.5,233
167.8,231
159.0,216
161.8,225
161.6,246
151.9,210
162.3,226
162.6,228
171.6,248
164.4,227
157.1,225
161.8,236
171.0,257
174.1,249
168.6,238
187.6,268
173.3,255
175.8,262
168.0,241
184.5,276
180.6,252
178.0,254
173.9,248
183.6,258
164.4,239
182.9,261
175.2,267
163.4,226
175.1,255
165.6,238
178.3,265
164.6,246
184.4,261
174.7,257
174.4,250
181.6,259
169.3,248
174.2,243
177.7,251
177.5,261
178.5,265
165.2,252
171.1,250
171.2,242
165.9,239
166.9,238
175.9,262
178.3,270
175.1,244
173.7,245
177.2,248
182.0,264
179.4,256
179.7,266
178.5,245
176.4,253
169.4,237
174.5,268
180.3,271
178.6,243
178.9,255
176.1,268
181.0,268
171.1,248
169.1,252
175.1,263
179.2,263
177.8,260
173.6,253
167.8,236
177.0,242
174.4,247
172.5,253
174.2,248
169.7,253
167.4,253
167.2,227
184.1,254
173.9,255
180.8,257
164.3,232
174.8,243
176.0,259
169.6,243
171.7,257
181.2,275
172.8,253
177.2,256
179.9,265
172.3,248
170.6,238
174.2,261
176.0,256
183.6,274
178.0,260
171.1,261
180.4,263
177.5,264
176.1,253
161.3,223
170.0,261
156.0,224
175.0,256
172.3,246
172.0,253
175.5,243
161.5,232
162.1,237
159.6,230
166.0,236
165.0,243
174.6,252
167.0,240
171.0,256
169.2,249
162.6,230
162.0,238
169.7,249
167.5,232
174.8,262
164.8,248
165.0,247
164.0,247
170.0,254
179.2,267
170.0,254
170.1,258
168.0,248
162.6,249
176.2,253
180.2,264
175.3,267
166.0,244
177.5,269
169.2,242
172.2,258
160.6,229
167.8,246
177.0,262
176.0,244
162.6,239
171.0,244
174.6,257
181.0,268
163.0,230
167.1,256
167.0,246
174.1,255
171.9,242
176.3,253
171.8,253
172.0,253
172.0,257
174.4,249
176.7,265
176.9,266
167.5,238
169.7,246
169.8,237
168.3,250
173.3,244
175.9,242
176.2,251
168.5,257
164.5,251
173.5,245
169.2,239
164.7,236
170.2,239
179.2,259
175.2,260
169.2,236
180.8,258
171.0,259
166.0,246
178.3,261
166.3,234
171.0,251
166.6,237
169.1,252
161.0,226
168.5,251
174.3,246
163.0,242
162.3,236
175.3,275
169.1,247
174.8,259
170.2,248
176.2,255
168.0,248
172.1,243
152.5,228
161.1,249
174.4,262
173.2,257
171.2,242
171.5,253
174.5,256
190.2,276
170.0,256
167.5,250
153.3,226
156.4,229
179.6,259
175.7,251
165.5,262
179.8,265
161.4,244
174.5,272
177.0,240
162.0,245
167.3,260
172.5,262
175.5,247
170.8,265
166.7,246
165.0,248
169.0,232
164.7,243
171.0,250
168.4,233
168.8,252
165.6,255
167.0,252
167.6,247
170.8,254
179.3,270
167.4,253
179.4,257
172.5,236
174.0,244
177.7,261
171.8,245
172.4,257
172.5,263
170.5,255
182.5,264
170.0,251
167.7,235
174.8,248
174.1,251
175.5,260
156.4,236
171.4,248
172.0,258
167.3,250
177.5,266
171.8,244
168.5,241
176.4,247
176.3,252
171.0,249
172.5,256
168.5,242
162.6,230
175.9,256
164.3,237
179.2,260
173.4,247
168.0,241
174.3,251
173.0,250
173.3,254
169.1,239
163.5,236
169.4,248
174.0,245
164.4,239
180.7,262
169.2,247
174.7,252
167.5,254
161.5,237
178.3,250
170.8,255
177.7,262
165.3,240
178.5,269
166.5,247
168.4,252
172.2,248
170.2,256
167.7,247
166.1,230
160.0,231
170.4,260
173.5,248
164.1,241
162.4,239
164.2,241
164.6,237
167.5,241
170.6,240
180.4,255
172.0,243
173.5,265
182.7,267
163.5,244
174.3,252
172.7,266
187.0,284
169.6,260
177.2,265
175.9,250
167.5,254
167.3,253
161.0,229
167.2,246
167.4,247
176.5,253
155.8,230
152.4,227
164.4,237
158.6,225
160.5,230
158.0,229
161.7,246
153.2,238
150.0,217
155.1,241
158.4,231
164.7,235
172.5,253
164.1,242
169.0,244
170.6,262
167.5,259
166.4,252
166.5,241
166.0,252
167.6,243
170.0,254
168.3,237
172.6,260
169.0,255
170.0,245
168.5,236
176.1,260
171.0,250
174.0,252
167.0,242
166.0,254
167.0,243
173.5,257
172.0,244
172.6,248
172.0,257
172.6,249
169.5,257
169.0,241
174.5,262
170.5,253
154.6,237
172.3,260
163.5,247
168.5,238
181.8,255
172.3,260
164.8,241
161.2,235
170.3,257
163.1,236
177.3,263
171.0,257
162.0,245
169.5,251
177.0,265
171.5,251
167.3,251
167.5,235
167.8,234
158.2,223
153.0,217
162.7,226
157.3,231
154.0,221
163.0,240
156.3,228
155.0,235
154.2,222
153.5,220
168.0,251
156.5,230
150.0,212
162.0,248
162.3,242
161.7,226
157.5,220
158.0,237
157.0,222
152.8,223
153.3,224
143.5,219
160.2,236
156.2,220
153.8,216
161.2,222
157.1,238
164.2,241
158.8,231
162.5,245
158.3,234
156.8,227
161.7,231
160.0,238
153.5,230
162.0,247
160.0,235
161.6,235
155.0,216
156.3,238
156.0,230
160.5,240
152.8,214
165.8,230
147.4,220
155.3,226
151.5,204
164.4,224
155.0,236
158.5,236
154.8,220
157.2,238
153.5,220
157.2,228
159.3,232
161.4,236
147.8,217
152.5,232
160.2,232
163.0,234
162.0,252
164.0,244
159.0,232
152.5,229
157.6,231
156.7,219
155.3,230
151.7,225
171.7,247
166.6,255
159.0,229
152.5,225
155.7,220
156.5,220
166.8,245
159.0,234
165.1,229
156.0,228
154.6,239
155.0,231
155.7,228
161.0,233
158.5,223
151.2,234
169.5,246
160.5,231
154.5,219
149.5,208
158.0,232
158.0,233
165.5,238
161.2,230
155.5,214
166.0,236
169.5,238
155.5,228
156.8,242
153.0,222
156.5,224
151.0,238
159.0,235
162.7,230
162.8,234
158.6,234
153.0,229
160.5,242
151.6,213
156.8,222
168.7,243
163.3,234
160.0,235
161.5,227
152.5,219
155.0,230
152.8,215
159.0,228
160.0,222
161.8,236
140.2,208
161.0,222
150.0,217
159.2,225
160.2,225
157.3,211
160.2,239
166.0,258
163.6,232
158.5,235
156.5,232
156.4,235
166.5,238
159.0,217
157.6,225
156.0,231
159.6,230
159.0,232
164.2,238
177.4,254
179.8,254
184.8,261
183.0,254
175.6,263
168.0,251
173.7,261
169.5,238
176.2,251
154.0,229
171.5,244
175.6,246
171.0,267
164.0,234
173.7,246
170.0,259
172.8,242
161.7,238
180.0,260
162.0,240
178.1,259
182.0,264
172.5,255
177.5,255
171.5,262
173.6,253
173.0,259
166.5,245
167.5,250
172.6,242
178.7,262
163.3,236
175.0,267
168.0,258
162.0,237
158.8,241
177.7,250
173.2,255
158.3,226
157.0,225
157.3,233
155.7,237
164.0,241
153.5,232
160.3,220
166.8,246
159.5,233
156.0,228
173.5,249
167.5,250
168.0,237
177.7,275
172.3,260
166.3,247
167.0,238
176.0,266
170.0,252
179.0,257
163.6,253
165.7,226
172.0,257
178.1,265
162.5,260
173.0,250
171.5,251
163.5,242
166.5,244
171.0,247
177.3,259
178.8,274
171.3,247
165.5,258
173.3,240
180.8,276
153.2,225
160.1,235
157.2,238
164.4,225
155.0,225
159.5,235
158.8,225
154.0,233
153.5,223
164.0,237
162.0,244
154.6,232
156.8,224
155.5,225
158.5,223
163.1,232
154.0,218
161.3,219
165.7,242
158.4,230
157.0,238
163.8,242
159.5,232
165.0,250
166.8,240
154.2,234
160.0,239
171.4,249
170.8,260
171.4,224
180.0,273
179.5,261
169.8,247
161.0,237
163.0,230
165.0,239
174.0,255
168.3,242
168.5,254
172.2,263
178.6,259
181.0,262
174.1,244
176.5,263
158.5,233
172.4,251
173.5,239
171.8,245
170.5,250
167.1,234
168.1,257
174.3,258
176.6,263
177.3,260
165.9,230
157.2,223
173.8,248
157.5,225
160.4,234
161.4,237
156.7,218
161.7,237
163.5,238
167.8,246
157.0,236
156.4,222
160.3,238
156.2,214
153.4,216
160.5,231
161.7,243
156.9,226
150.6,222
156.0,239
160.2,234
157.5,222
151.2,228
145.2,214
157.5,234
152.0,212
170.1,244
160.3,235
162.3,245
155.0,212
153.5,231
164.0,238
162.3,237
156.0,234
157.2,233
164.2,229
156.8,222
145.7,207
154.4,223
158.8,223
161.0,234
156.7,228
158.4,234
167.5,248
156.0,227
161.7,238
155.8,226
152.5,223
154.4,233
165.5,233
147.4,216
157.0,234
154.0,223
158.1,234
163.5,240
161.3,227
156.5,230
159.6,230
161.5,240
166.5,247
170.0,242
160.8,233
159.4,226
154.0,226
146.0,218
152.7,228
152.3,220
163.4,232
163.0,233
152.3,223
158.3,226
164.7,236
158.0,233
154.3,223
157.8,236
159.3,230
158.5,240
165.6,229
159.3,244
167.8,248
161.2,242
154.8,230
163.0,238
152.0,215
157.3,238
155.2,235
153.5,218
157.5,227
161.3,229
156.0,231
151.1,223
163.1,228
151.2,228
154.8,236
161.6,247
159.5,233
161.6,234
154.7,230
153.5,227
152.7,219
161.0,238
154.2,233
163.9,240
163.1,235
161.7,238
164.4,234
168.0,249
154.2,228
151.6,230
152.5,224
155.6,244
164.1,231
163.1,242
163.2,230
160.8,231
169.1,225
165.0,240
156.5,230
158.2,221
154.8,228
156.4,224
160.6,232
163.3,238
154.7,214
154.3,223
168.3,235
160.0,233
158.7,236
157.0,222
161.0,240
160.0,237
153.6,215
153.8,222
162.0,238
159.5,242
140.0,201
167.6,249
172.3,257
173.0,244
169.5,260
174.2,250
164.0,234
162.0,248
163.7,219
151.7,231
152.4,221
153.5,220
156.5,235
158.5,238
152.2,223
164.5,241
170.0,248
156.8,238
151.3,221
154.0,235
152.0,231
157.6,218
157.2,238
157.3,238
178.0,260
165.0,245
163.5,252
166.6,250
182.3,263
161.0,223
156.3,233
151.7,226
155.8,240
155.6,233
152.0,222
154.6,226
154.0,230
158.5,228
154.6,229
158.1,245
150.2,229
151.7,225
151.4,228
170.3,244
172.6,236
174.3,239
178.7,253
168.0,247
173.8,242
163.3,243
168.5,249
165.5,227
162.7,232
154.8,219
152.5,230
158.0,226
153.5,234
154.0,225
148.6,215
154.0,235
152.0,229
151.6,223
150.0,227
157.6,240
157.0,226
142.1,210
155.0,221
161.2,235
159.0,223
162.0,233
162.1,221
153.0,233
148.3,215
155.0,233
152.5,223
157.5,231
160.5,223
155.4,228
159.1,214
159.0,217
157.0,225
159.4,236
162.5,241
158.4,230
164.5,245
155.6,228
163.0,243
157.4,225
161.1,240
161.5,228
162.8,230
158.0,231
156.1,230
160.7,243
160.0,223
164.4,234
146.2,217
160.0,232
153.2,221
161.3,238
158.9,226
151.9,233
154.5,223
147.1,203
150.8,225
160.8,224
157.1,227
156.7,236
152.0,214
159.3,232
153.2,218
160.5,216
162.0,225
153.1,223
159.1,230
158.8,218
148.7,205
160.5,241
160.8,234
149.8,225
157.4,244
153.4,226
147.8,216
156.4,229
159.7,220
167.2,238
162.3,230
153.2,221
158.1,234
157.2,233
164.5,238
160.3,240
169.4,228
153.0,218
156.2,225
155.3,230
165.1,238
161.0,223
155.2,229
154.5,230
170.5,248
161.8,233
152.0,220
156.6,226
158.2,220
164.7,244
152.7,219
157.8,238
151.7,212
163.0,231
151.3,225
161.2,235
160.8,227
157.8,225
155.0,241
156.8,227
158.7,220
162.8,221
157.0,233
162.1,235
174.4,248
171.3,242
168.3,246
161.4,238
150.1,229
160.8,235
152.5,223
155.0,226
153.3,226
154.3,225
157.2,240
151.0,221
155.0,210
151.0,224
144.1,216
155.0,227
160.6,243
159.7,237
156.8,227
161.8,230
157.5,232
158.0,227
177.0,252
174.0,250
180.7,260
169.8,256
160.1,233
168.8,246
162.6,242
173.4,261
177.2,245
177.5,246
177.3,271
173.5,248
172.8,262
176.0,253
186.3,255
168.4,243
174.0,254
163.4,250
172.4,248
173.9,265
157.8,228
151.5,232
169.0,252
172.0,249
173.5,246
164.8,238
181.3,251
167.0,231
180.5,245
173.5,242
168.8,239
179.8,273
169.0,248
169.7,238
172.7,265
168.7,242
176.0,241
172.6,258
177.8,245
182.8,258
169.3,256
162.6,242
174.0,259
164.5,234
165.0,255
183.0,256
173.6,258
171.0,246
172.7,243
172.8,249
166.6,250
174.8,262
171.0,263
169.5,256
169.0,245
180.3,265
181.7,287
170.6,260
165.4,242
174.4,256
168.2,243
157.0,240
171.1,244
166.4,245
174.4,262
170.5,267
166.5,253
184.0,279
174.1,257
168.0,247
172.1,255
171.6,258
175.5,255
168.2,245
166.0,240
167.5,247
177.4,256
183.7,265
169.7,252
170.8,247
169.4,247
170.0,236
172.6,243
164.6,244
173.3,246
166.6,249
170.0,247
170.5,246
172.5,240
168.3,245
174.0,261
182.5,260
170.1,251
167.4,259
167.6,248
163.6,235
173.6,246
174.0,248
172.8,252
162.4,227
158.8,234
170.4,260
168.4,242
172.4,263
157.8,225
161.8,237
160.0,214
155.5,234
153.7,223
160.1,226
163.0,239
155.8,208
166.5,242
154.0,236
153.6,213
155.6,228
171.1,250
161.3,233
149.4,218
147.7,224
160.6,224
158.2,241
158.6,223
149.0,220
157.6,226
155.7,219
161.4,245
155.9,231
149.5,228
151.8,215
155.9,237
152.0,224
162.6,237
158.4,242
150.4,215
160.0,236
162.5,235
151.9,209
158.2,219
157.3,243
160.8,230
152.1,217
159.1,232
153.8,215
160.3,224
153.2,239
150.5,222
150.0,222
154.1,220
165.7,235
162.3,239
151.7,223
152.0,230
157.1,235
159.3,246
158.6,242
155.0,233
160.5,239
160.0,231
150.2,225
151.7,210
146.3,212
148.4,223
144.0,219
157.5,222
157.1,234
159.7,241
161.1,237
174.5,241
159.5,235
164.6,235
159.8,232
154.6,227
159.5,233
153.6,237
148.3,226
155.5,238
149.7,214
159.0,230
156.4,237
153.8,222
144.5,207
156.0,234
155.7,221
147.3,220
150.3,222
156.0,234
169.7,229
164.7,238
156.1,216
163.0,227
159.0,236
169.4,263
170.1,250
167.0,255
176.1,262
162.5,236
172.1,267
159.6,238
174.1,250
168.8,248
166.0,241
163.5,237
163.2,248
165.5,252
163.1,241
176.2,261
168.1,250
162.4,237
165.0,239
148.0,208
155.6,223
163.1,242
157.6,243
152.0,214
156.5,234
150.1,217
157.0,226
166.2,242
155.1,231
165.6,227
165.5,224
155.0,225
152.2,227
160.2,232
167.1,251
157.5,228
156.5,213
162.1,238
156.0,241
152.0,219
161.2,221
157.5,235
153.3,221
162.7,244
160.0,229
153.4,234
160.0,230
161.3,241
152.6,233
158.0,221
151.5,227
155.2,237
164.0,236
170.3,259
154.4,224
157.0,232
146.2,234
162.5,243
161.8,222
159.5,236
156.4,234
156.6,227
151.7,233
166.2,244
153.4,226
155.1,223
159.2,235
164.5,238
153.6,220
153.6,217
156.4,228
155.8,226
157.0,235
165.0,225
152.8,220
152.7,220
162.0,224
153.8,218
157.4,218
157.8,230
154.2,221
163.2,234
164.5,251
155.5,222
171.1,251
167.0,252
178.3,269
163.7,230
154.6,229
160.0,246
166.2,236
170.7,243
179.5,257
172.6,264
177.1,259
167.2,237
170.4,247
166.7,237
161.6,231
174.0,272
171.5,256
171.0,256
160.0,246
163.1,236
167.7,233
162.5,240
159.6,234
170.5,252
164.7,252
160.0,238
173.5,242
165.5,243
176.0,247
178.1,248
174.5,248
161.5,234
171.8,258
172.0,252
163.8,238
173.0,256
172.6,259
165.5,231
169.5,248
161.3,216
166.3,236
150.5,221
165.0,230
166.5,231
157.0,218
160.7,236
158.0,230
161.3,235
160.0,235
165.3,226
158.0,224
160.0,232
154.0,212
154.5,215
156.4,246
161.0,238
149.2,217
157.0,226
167.1,243
157.8,231
154.3,232
158.5,223
167.7,248
156.0,220
161.1,236
163.5,233
159.8,241
153.2,218
163.5,233
161.3,227
159.2,226
157.5,241
153.1,223
152.6,224
158.0,232
159.0,228
159.1,223
149.7,227
157.2,218
169.0,241
158.7,249
153.7,215
160.0,230
158.4,224
173.1,240
157.0,214
164.5,244
164.0,228
173.5,235
171.5,230
159.4,227
158.3,225
158.5,230
168.3,235
179.0,284
168.0,241
165.0,243
182.1,276
162.5,237
171.6,248
173.4,262
170.5,241
167.5,237
173.8,265
161.4,227
181.8,262
165.3,241
155.0,229
158.0,226
164.6,228
159.5,232
150.7,222
168.3,230
148.6,220
157.2,235
168.0,239
168.5,246
174.4,249
158.0,228
162.5,220
155.2,216
170.0,247
182.5,268
181.5,257
169.5,246
163.0,238
166.5,230
173.0,245
164.0,224
173.0,253
168.0,229
162.0,228
158.0,225
163.0,239
158.0,237
154.0,234
158.0,217
164.0,235
156.8,229
158.7,224
164.5,228
166.4,244
161.7,226
164.5,236
150.5,222
165.0,245
163.3,251
154.5,226
159.0,217
161.0,236
154.5,230
155.3,227
151.5,230
155.5,231
160.4,217
159.0,229
159.8,236
156.7,236
159.4,227
152.6,230
168.0,250
149.6,231
155.8,229
156.5,232
155.2,215
159.7,232
167.1,236
158.6,226
150.0,220
159.5,226
174.2,259
178.8,260
171.8,242
183.8,274
175.2,240
172.5,262
175.5,257
168.3,237
163.5,249
183.2,278
181.5,270
171.0,260
170.1,244
177.0,250
183.5,266
183.4,275
172.8,247
173.6,243
170.4,274
176.9,254
178.1,258
171.8,259
176.0,260
161.6,227
182.7,266
162.5,246
176.8,249
173.0,254
166.4,246
166.7,246
175.6,262
177.0,270
171.2,259
171.0,249
178.7,252
167.5,234
156.7,231
166.2,243
156.5,209
160.7,215
161.6,228
154.6,218
160.5,232
161.6,223
164.4,226
157.3,236
158.0,241
173.5,249
158.0,228
161.6,228
160.0,228
167.5,240
161.6,238
166.5,234
163.5,238
169.7,244
154.5,222
156.4,219
159.6,238
160.6,222
166.2,244
157.2,230
156.6,236
166.0,241
167.2,239
166.7,242
158.5,233
158.8,220
157.0,234
173.6,243
167.6,227
165.5,250
173.7,250
177.6,255
175.5,261
165.5,241
175.7,246
184.3,252
178.0,270
178.9,253
172.6,235
172.5,252
177.3,261
167.5,255
175.0,265
174.3,261
177.5,262
164.6,240
170.3,254
171.2,259
172.6,241
168.0,243
173.7,260
175.3,242
170.3,251
170.8,246
175.8,276
175.2,253
176.0,263
173.8,238
169.7,242
171.5,250
170.3,246
172.1,258
169.5,245
172.7,249
174.1,250
170.7,255
177.0,266
158.2,227
157.0,219
156.5,241
168.6,241
156.5,225
163.0,239
161.3,234
152.8,222
168.2,236
165.5,229
157.3,228
158.2,214
153.0,229
160.4,235
157.0,218
155.7,229
160.6,240
155.7,225
159.6,215
158.5,220
157.5,239
155.5,232
156.6,220
167.4,228
157.7,228
152.8,215
149.0,213
155.2,232
160.8,240
164.1,243
162.9,238
161.2,242
160.3,249
153.1,213
161.3,230
157.3,233
159.4,235
157.3,216
166.1,228
167.1,249
160.0,245
151.6,226
156.8,221
153.7,216
161.8,231
152.0,225
150.0,228
155.8,230
155.3,229
155.7,215
158.0,224
153.5,225
158.3,217
158.1,235
150.7,226
167.1,231
153.6,229
167.5,244
158.3,231
155.5,220
159.7,227
164.5,224
155.1,224
150.6,213
155.3,222
155.2,237
145.2,223
156.6,220
154.0,231
159.5,230
166.8,243
161.6,236
157.9,235
162.2,244
149.4,211
157.9,228
156.3,228
159.2,216
148.2,218
156.9,239
159.0,230
158.3,234
161.2,233
165.5,238
156.3,214
158.0,234
162.2,222
149.2,209
160.4,236
174.4,255
168.5,240
159.3,224
153.8,226
163.5,245
157.2,224
165.2,250
170.5,257
170.5,234
170.5,247
183.4,269
175.2,256
170.0,233
172.1,252
174.3,252
173.3,247
164.0,237
169.5,254
164.2,234
168.0,256
177.1,266
186.3,270
178.0,262
179.1,255
173.5,251
173.2,247
180.2,260
160.5,227
170.0,251
166.2,239
165.2,246
179.0,260
184.4,255
176.1,253
181.2,273
172.8,258
187.0,255
185.5,251
173.1,246
170.2,240
176.7,254
169.5,237
179.2,262
188.1,290
173.7,259
169.6,242
178.0,253
162.7,218
162.4,226
151.1,225
153.1,232
153.4,225
160.9,222
157.2,228
147.5,209
161.4,223
163.3,242
157.6,235
155.3,227
156.3,216
162.2,234
165.2,235
156.7,231
158.5,222
167.8,243
154.3,215
153.7,218
158.0,217
149.4,222
157.8,211
167.6,235
161.6,237
171.4,245
166.4,238
157.1,228
151.6,222
163.2,234
153.8,215
162.3,235
156.2,227
161.0,235
157.1,229
156.2,223
161.7,231
152.1,227
156.3,223
155.0,233
156.0,233
156.6,244
156.6,235
159.1,218
153.1,215
150.9,230
167.9,252
160.7,232
157.2,221
159.4,229
155.4,227
167.3,240
178.1,250
166.5,241
174.6,258
179.0,258
176.5,245
161.0,250
172.2,246
173.0,258
173.5,242
174.9,251
172.1,246
171.9,256
174.8,246
185.6,250
178.5,266
175.2,256
172.4,259
185.3,275
159.7,230
161.0,240
171.1,260
167.7,251
182.0,260
175.6,244
169.4,248
173.7,243
172.8,252
170.2,234
173.2,249
170.4,243
172.3,255
165.7,243
172.3,249
175.0,245
167.2,250
171.7,253
174.9,258
173.8,248
171.0,260
174.3,242
165.0,236
163.5,236
165.3,239
160.5,246
154.7,229
153.8,227
160.3,228
158.0,233
151.8,231
159.7,227
160.4,234
148.0,226
152.8,221
150.5,224
151.8,220
152.8,230
159.7,214
158.9,230
163.5,242
167.7,230
154.5,230
149.0,223
160.6,225
146.0,213
147.0,213
158.8,239
164.2,237
157.5,227
158.8,218
152.9,227
154.2,225
163.0,227
155.2,227
161.1,231
156.0,226
170.0,239
162.0,228
156.9,209
162.6,237
158.5,225
164.0,250
157.4,235
160.7,238
155.0,234
154.6,235
147.4,221
163.5,242
156.4,230
160.4,233
160.3,235
152.8,219
151.9,228
165.7,238
165.4,229
158.0,232
160.6,220
161.0,224
159.8,234
159.6,237
153.0,227
163.1,240
162.8,241
166.3,250
156.9,235
173.0,252
157.5,234
156.0,224
163.7,234
161.0,231
156.9,223
150.5,247
158.2,218
162.8,235
154.6,228
162.8,228
163.8,230
158.8,225
156.6,234
165.6,243
161.4,227
160.3,243
154.9,234
160.5,233
153.5,230
147.0,213
159.1,233
159.9,240
162.2,234
155.0,219
145.9,226
158.4,215
154.5,214
163.4,239
160.6,243
162.6,243
160.0,236
151.2,231
160.2,243
160.2,239
168.3,250
171.3,255
168.5,243
173.1,252
165.0,250
177.5,261
165.2,248
190.2,285
163.4,241
177.1,252
176.9,252
175.3,267
164.0,248
163.8,247
167.4,240
183.1,267
184.2,268
176.0,254
184.0,283
174.2,261
176.5,255
175.6,250
172.2,237
174.6,246
178.6,260
172.0,254
169.6,244
178.6,259
189.1,265
164.0,250
174.1,255
171.2,250
173.8,242
169.5,252
172.0,234
164.2,221
173.4,241
169.8,244
167.0,250
171.0,243
167.2,246
168.0,233
167.0,244
177.5,259
173.3,255
166.9,244
182.1,265
174.7,238
185.6,268
164.9,245
173.4,251
167.7,236
164.4,243
167.3,232
167.7,236
153.8,230
162.0,247
155.6,227
157.2,230
156.3,233
165.0,239
150.7,225
161.5,232
160.2,225
157.8,230
160.7,218
152.5,228
156.0,231
161.0,224
149.0,208
165.4,224
166.3,237
162.4,229
159.1,232
149.5,218
162.2,236
151.0,226
154.6,225
170.0,245
155.0,217
157.7,228
162.6,238
152.6,229
156.0,232
157.1,235
156.3,226
153.6,222
149.1,215
157.0,225
156.7,230
153.2,242
160.1,240
156.3,236
153.7,234
153.6,232
169.9,255
155.5,231
162.5,238
167.9,240
168.2,251
178.7,267
171.5,243
174.8,248
172.2,257
177.0,252
170.2,251
163.2,235
172.7,256
170.2,250
182.5,267
170.4,257
175.1,246
170.6,242
176.4,254
174.9,240
167.0,244
170.8,246
173.9,251
176.8,248
176.4,265
175.0,258
174.4,253
168.4,255
165.0,230
169.0,246
169.8,230
179.9,257
160.0,230
167.7,237
160.7,237
164.0,247
173.4,253
167.0,242
185.5,260
163.4,250
181.5,249
162.0,259
172.6,254
180.3,262
162.8,240
169.7,258
179.6,254
168.0,248
168.0,246
162.3,234
171.1,249
159.2,243
160.1,227
171.1,237
157.8,233
164.2,234
159.1,229
159.3,240
155.5,219
161.6,230
160.7,243
159.2,232
151.9,221
157.2,242
160.3,219
164.8,230
162.6,231
160.6,224
158.1,232
166.2,235
157.7,235
157.7,236
157.1,233
167.0,227
160.8,236
160.0,241
158.0,247
160.6,233
168.1,242
163.9,239
164.3,228
160.3,234
155.8,221
150.7,219
157.4,225
159.7,236
156.3,226
163.5,225
157.1,225
161.3,241
161.8,234
168.2,242
159.8,223
157.9,227
154.4,226
162.2,223
158.2,235
165.1,246
147.7,214
152.6,220
160.0,228
159.8,227
172.4,248
187.1,275
164.9,239
168.5,251
169.0,249
172.6,255
168.0,238
168.5,245
185.2,271
163.5,247
173.2,244
175.2,258
173.0,259
174.7,243
170.2,241
166.3,245
174.5,260
174.3,254
172.7,245
170.1,246
180.6,271
168.5,242
169.3,250
177.1,268
168.5,244
173.0,243
176.8,253
169.5,255
176.5,260
173.0,255
173.4,243
174.5,265
159.6,242
167.5,245
173.0,260
165.4,243
180.3,251
168.5,231
171.5,244
168.5,250
173.3,255
171.3,249
176.7,259
182.6,262
171.3,261
172.7,248
170.0,250
178.4,256
158.7,226
161.5,225
158.0,247
156.3,246
149.3,223
162.9,234
140.4,211
164.8,236
162.8,239
169.5,228
166.0,234
156.9,221
161.4,248
162.2,235
163.6,239
158.4,228
158.1,228
152.0,216
160.3,230
160.5,243
165.3,237
167.2,230
168.3,236
155.0,231
165.0,231
166.4,240
166.6,234
153.7,224
152.5,224
167.3,252
163.8,238
157.6,212
150.2,226
155.7,222
154.6,212
156.2,224
167.7,234
167.4,236
153.6,228
165.4,235
163.2,240
155.8,228
157.3,224
158.3,239
154.7,214
144.8,208
159.0,236
160.0,231
181.0,274
176.7,259
167.4,240
172.6,251
162.0,228
178.9,266
170.7,243
170.2,251
169.0,255
174.3,245
177.9,258
169.2,245
164.2,245
166.6,248
169.6,248
167.0,243
176.3,248
165.2,240
161.3,240
181.0,273
180.5,255
161.9,238
179.4,250
172.3,253
174.6,262
164.0,235
165.7,255
164.1,251
170.1,236
170.5,253
177.2,255
167.6,241
171.2,247
182.4,279
178.9,256
170.7,242
157.2,229
167.0,243
170.2,253
171.2,248
169.2,264
172.6,249
162.8,235
170.9,250
177.5,255
165.0,226
165.0,239
155.0,231
154.8,220
162.2,231
151.7,234
153.8,233
157.3,227
154.3,228
165.7,232
163.6,249
160.6,230
156.6,222
152.1,224
152.0,217
165.7,240
159.9,223
160.9,220
159.8,229
172.5,237
174.9,245
161.9,231
155.0,221
163.7,236
153.7,231
157.0,222
156.2,220
165.4,234
154.0,228
170.0,236
166.5,232
161.3,221
157.9,224
156.7,222
168.4,256
162.0,237
161.4,235
158.6,228
167.1,232
160.0,231
162.2,241
160.6,223
162.0,227
156.0,223
158.7,234
161.5,240
157.0,229
175.0,263
174.0,244
169.0,253
164.0,230
182.2,255
172.8,245
177.2,260
158.8,232
169.0,243
171.3,246
173.5,257
165.5,253
165.1,245
165.6,244
162.3,242
162.4,233
183.3,281
175.7,253
179.6,246
180.1,242
177.2,265
166.6,240
166.3,250
168.0,241
181.3,257
184.0,257
169.0,240
177.0,267
168.3,245
178.7,246
159.6,230
176.0,261
169.9,248
175.1,253
172.5,267
166.9,240
173.5,250
169.2,244
171.7,252
180.7,272
171.5,244
162.6,241
168.0,252
164.5,255
170.7,250
173.7,252
172.5,251
166.1,239
184.6,271
171.0,262
176.6,251
163.7,245
162.6,236
174.3,265
181.5,270
168.5,242
175.5,253
171.0,256
177.0,248
168.0,254
163.5,235
160.0,253
174.5,237
166.0,245
175.5,255
163.2,246
162.7,248
169.0,242
167.7,244
173.6,251
165.0,245
169.0,248
183.5,264
171.2,228
176.5,247
175.2,251
164.4,236
168.0,230
165.5,234
170.0,242
161.0,229
173.0,252
175.7,246
169.8,232
172.2,254
162.0,234
172.5,248
161.5,215
162.5,231
177.8,260
181.2,253
167.0,234
175.8,254
174.0,258
167.8,240
174.5,234
160.5,234
161.7,246
163.5,222
165.7,236
156.5,226
169.6,236
162.5,226
167.3,224
164.7,227
155.7,216
164.5,231
163.4,231
153.9,232
164.4,250
165.3,234
166.7,235
153.3,210
157.4,230
153.0,227
170.2,244
162.8,229
161.0,213
169.0,241
157.0,215
177.3,256
164.0,240
157.6,228
155.5,228
160.5,229
165.7,241
164.5,238
159.2,224
159.8,220
157.8,221
165.3,236
151.8,216
157.5,227
160.0,222
151.7,233
161.0,213
171.0,246
166.0,232
168.2,238
161.5,219
173.7,253
172.5,239
168.0,247
160.3,237
179.4,268
177.4,258
169.5,236
169.9,246
176.5,253
177.2,261
177.0,249
168.0,256
170.3,252
173.5,249
169.7,256
177.3,263
168.6,248
167.3,255
165.8,249
175.3,272
177.4,263
174.0,239
169.7,257
177.6,258
172.5,251
171.7,245
165.3,242
168.8,244
181.6,273
178.7,257
176.0,273
161.6,224
164.4,253
155.0,214
163.8,228
154.6,217
159.8,226
159.5,238
160.5,235
155.0,213
163.0,228
161.2,231
149.0,225
156.6,217
152.5,208
160.6,239
159.0,233
159.1,221
146.0,220
155.2,230
154.3,236
156.7,216
162.5,249
161.3,223
163.2,249
152.5,248
160.2,222
152.2,228
164.7,231
167.5,239
158.4,228
160.6,226
148.2,230
153.4,228
159.6,237
154.7,218
162.9,233
158.6,238
159.7,230
160.9,214
164.5,226
156.4,229
157.7,240
157.9,227
152.4,214
159.8,230
165.7,240
178.7,268
168.1,240
174.9,253
171.4,245
179.6,266
166.4,252
180.4,263
177.7,256
169.6,248
175.4,244
179.1,255
171.0,255
165.5,238
174.4,250
161.6,229
178.2,266
172.4,246
175.6,259
170.5,254
159.5,237
174.0,255
177.7,251
169.9,256
171.6,249
169.4,246
171.1,264
172.7,245
170.1,247
178.2,255
173.5,254
168.0,249
168.7,251
171.5,255
161.5,230
173.2,247
169.4,258
180.0,270
171.6,250
179.8,259
177.6,250
173.5,259
167.8,251
173.4,249
186.6,261
160.6,234
177.0,247
173.0,246
184.5,286
172.0,248
163.0,226
169.0,241
170.8,259
176.6,269
171.0,255
176.2,263
174.0,250
163.7,236
177.0,262
174.5,254
173.0,257
157.5,231
164.5,242
159.8,234
164.6,242
165.3,245
165.0,232
154.4,222
159.5,245
156.0,215
158.5,223
165.9,233
160.5,228
160.0,232
173.2,240
155.5,233
160.0,231
165.0,234
162.0,233
162.5,237
173.0,237
173.5,256
163.2,234
153.0,222
159.5,241
166.7,229
164.8,236
159.3,227
157.0,227
153.3,235
153.0,223
155.5,221
162.5,233
161.2,219
162.0,219
161.5,233
152.0,232
154.3,220
163.2,235
164.0,234
158.5,230
161.0,218
164.6,231
149.3,228
147.0,220
177.0,255
165.0,217
155.8,219
160.0,231
159.8,235
177.0,250
177.8,249
171.5,240
171.0,245
178.7,252
166.7,238
170.0,246
178.0,257
171.0,252
173.8,260
175.3,258
176.5,265
169.7,251
177.0,254
166.8,253
178.6,263
171.6,249
176.0,249
176.7,256
165.0,251
161.0,239
167.1,241
166.0,232
165.8,238
163.2,236
164.3,247
164.4,243
159.2,232
171.1,250
167.1,235
151.1,221
155.7,237
158.3,218
162.6,240
164.1,228
159.6,241
169.0,228
162.3,228
162.0,242
157.0,225
171.3,245
164.3,227
163.7,225
160.1,236
156.4,227
158.0,223
165.3,232
172.8,246
162.2,234
154.7,216
158.6,233
156.9,223
158.5,224
153.8,211
160.0,218
157.0,224
165.3,230
169.4,224
162.5,234
168.5,234
162.6,232
155.8,219
164.7,227
160.0,230
163.9,228
165.0,234
166.3,235
159.7,221
161.5,211
164.0,237
156.0,218
157.6,228
163.5,234
160.2,236
158.0,233
153.6,226
159.0,212
161.3,234
155.0,213
158.8,220
165.7,238
153.6,209
147.0,218
164.7,224
163.5,238
160.3,211
168.5,250
172.0,264
171.5,245
166.5,239
179.0,268
169.2,245
163.5,234
176.5,244
166.0,247
185.4,267
188.0,278
168.0,237
175.0,246
171.0,231
173.2,244
171.0,228
175.6,237
180.0,258
175.0,260
182.0,244
172.5,250
175.6,262
178.0,264
170.0,257
173.0,242
164.0,232
177.0,257
176.8,253
172.5,243
170.5,248
172.0,249
176.5,251
178.6,249
189.0,275
170.0,256
184.4,270
164.5,245
171.6,256
184.0,250
172.6,248
172.6,242
175.8,247
179.0,262
164.2,231
162.0,232
154.5,229
163.3,232
159.0,223
156.2,221
156.0,215
158.0,219
166.5,228
157.5,224
159.6,232
165.0,227
165.0,223
160.5,224
165.0,237
154.5,210
153.0,215
165.2,241
164.0,229
164.1,233
173.8,239
153.4,221
150.6,217
152.8,218
153.5,219
155.0,231
154.6,225
153.3,224
159.8,236
169.2,236
162.0,222
165.0,239
161.5,237
155.3,237
163.2,221
164.3,226
160.3,216
163.0,234
165.0,225
164.3,234
157.8,222
165.5,231
164.0,231
166.3,230
177.0,236
174.5,239
173.0,251
174.0,246
184.0,255
174.0,246
177.0,242
178.0,258
182.8,267
179.2,247
179.0,252
177.0,251
173.5,244
176.6,249
171.0,233
171.5,242
166.0,239
182.7,251
169.2,247
180.2,257
182.4,261
189.2,277
184.1,259
174.4,253
182.5,256
169.4,235
178.7,256
168.5,231
166.8,235
176.8,242
170.4,250
165.8,235
191.2,281
183.0,258
166.8,241
176.6,251
180.5,262
169.0,230
169.1,240
171.5,256
178.1,262
162.2,232
154.2,229
164.0,238
159.9,233
165.6,243
165.1,238
154.1,227
157.4,240
152.4,226
159.5,228
171.4,253
158.4,230
156.8,223
160.0,225
166.2,238
151.3,227
151.8,233
147.4,209
152.4,213
153.6,218
161.3,224
156.2,222
167.0,243
157.7,226
159.6,223
159.6,230
149.7,227
150.0,227
166.4,243
161.3,230
153.3,225
164.0,239
163.0,226
157.5,223
158.7,223
159.4,236
152.8,220
156.3,219
159.1,222
156.1,222
151.1,222
173.1,252
164.4,239
158.0,236
155.8,239
156.1,235
164.8,237
157.2,222
160.9,229
161.2,245
152.0,211
158.2,227
164.2,225
163.7,229
154.3,217
158.2,217
151.4,218
176.1,244
174.0,245
162.1,221
152.8,224
155.3,218
164.3,233
155.1,216
152.7,220
159.1,228
158.6,219
162.1,227
151.2,222
163.1,230
161.4,231
153.5,229
153.2,235
165.4,237
149.8,224
152.8,217
156.4,220
156.2,234
158.6,229
160.0,227
160.1,219
168.6,244
153.1,233
157.8,218
160.7,242
151.4,230
165.9,217
176.4,254
166.6,241
180.9,254
183.3,262
178.3,242
186.6,272
184.4,254
160.2,225
180.0,247
170.4,236
175.7,247
182.8,265
178.0,257
179.1,259
178.9,258
167.1,241
170.2,224
169.1,256
167.9,229
172.5,245
180.1,254
176.7,255
171.1,252
173.8,246
176.0,258
167.9,249
174.5,249
169.9,242
170.0,236
168.6,240
176.0,258
173.6,248
175.4,226
172.3,238
174.7,233
171.0,245
164.1,229
168.7,244
172.8,259
174.2,256
173.7,256
155.7,217
161.4,229
168.8,238
146.7,213
170.5,230
154.4,218
153.5,217
149.4,216
163.0,224
164.7,233
153.3,239
161.1,230
157.2,230
157.3,230
157.6,211
153.6,225
140.4,203
150.7,232
159.2,232
155.2,233
158.3,212
161.4,228
159.8,234
158.2,245
150.8,237
174.1,247
156.2,222
157.0,227
153.7,227
159.4,248
159.7,230
162.4,234
149.9,224
157.6,225
165.0,233
161.5,225
154.4,234
160.3,239
156.1,231
147.6,224
163.0,228
174.0,244
175.3,236
180.1,253
169.4,250
164.1,242
174.1,259
167.4,243
175.2,247
179.0,274
162.5,236
175.4,245
171.5,252
176.0,268
176.3,253
159.1,232
167.6,244
176.7,258
179.1,255
189.2,266
162.1,248
168.5,250
167.2,252
167.8,243
163.8,241
170.5,248
168.4,268
162.0,229
171.0,246
171.4,247
172.0,259
172.3,268
179.0,270
179.9,268
165.4,240
170.2,247
173.1,256
169.7,245
176.6,269
164.4,244
170.2,246
161.2,244
166.1,248
158.9,225
168.9,240
166.3,250
160.5,229
160.9,238
166.0,246
154.9,224
152.1,221
156.5,225
159.9,232
168.1,246
163.9,247
159.4,229
151.6,205
154.6,220
150.6,229
168.3,246
156.5,235
154.5,220
153.1,218
164.9,244
166.3,225
169.2,246
156.9,224
159.2,222
166.2,241
155.8,213
165.2,237
163.0,242
173.5,261
152.8,220
155.1,227
154.2,221
157.1,235
169.1,243
157.2,231
163.6,237
153.4,235
148.2,220
145.5,221
159.1,235
160.0,233
159.7,221
174.0,243
176.2,256
172.5,258
173.5,261
176.7,272
174.2,249
163.5,240
177.1,266
158.1,226
172.7,241
171.3,251
168.4,246
168.4,251
177.0,253
166.2,237
175.6,255
167.8,242
170.1,246
159.0,239
167.7,254
166.7,241
179.0,253
180.6,254
170.4,230
159.4,238
162.6,235
170.1,244
173.5,263
173.6,249
167.4,240
172.8,235
173.6,242
173.6,253
170.7,250
165.9,244
165.2,241
160.6,233
169.4,245
177.4,248
173.6,249
166.8,245
178.1,243
181.1,265
168.1,238
170.8,262
180.8,259
175.5,251
170.1,236
176.1,264
173.5,256
161.3,250
172.4,249
174.5,250
171.4,239
179.3,254
171.1,254
168.4,246
180.5,261
171.9,242
176.5,272
174.6,266
175.8,246
174.1,255
175.7,269
166.0,239
168.8,240
189.2,272
174.8,252
170.8,258
170.5,245
170.4,254
175.4,250
165.5,238
167.2,245
164.0,248
163.4,239
169.7,258
162.6,236
159.7,237
168.3,251
175.6,267
150.3,226
153.0,214
170.5,252
162.4,232
160.0,225
159.0,227
157.1,227
155.0,210
157.0,218
166.5,234
157.8,222
152.1,217
158.0,231
153.0,241
161.0,247
153.1,213
160.8,236
155.9,232
159.8,243
151.1,217
156.4,244
161.2,231
156.7,223
166.7,249
152.7,231
160.4,244
170.4,248
156.5,230
149.0,223
151.1,216
158.1,222
157.4,223
162.4,233
163.9,229
149.0,221
155.2,219
169.3,252
153.5,223
158.9,249
156.1,236
161.3,243
171.1,270
170.8,252
180.0,272
176.7,255
167.8,252
183.5,262
170.0,246
168.3,252
174.0,255
167.7,253
171.3,250
176.0,265
175.6,253
162.8,231
168.3,245
169.5,244
164.8,245
159.4,255
165.7,245
166.8,254
179.5,259
177.8,262
167.1,247
157.2,224
173.1,253
175.5,264
176.5,246
180.4,260
176.1,247
170.0,246
166.3,239
160.4,243
170.8,241
166.2,246
154.7,226
161.9,251
160.6,228
173.5,259
159.2,235
174.0,255
166.5,244
165.6,240
174.4,261
176.0,266
172.9,244
170.4,240
166.8,240
161.5,240
163.4,231
160.4,222
155.4,226
151.0,218
163.1,244
155.5,245
157.8,233
169.5,250
159.9,239
157.1,229
162.3,229
151.1,217
161.5,222
150.5,234
161.2,235
158.5,233
154.4,221
169.0,245
148.8,231
159.3,225
155.8,233
166.4,240
151.3,229
158.6,234
155.7,221
150.3,223
159.7,230
153.0,227
150.2,225
157.6,225
160.2,240
146.5,228
153.5,223
161.7,240
163.7,226
164.0,236
166.9,236
156.9,212
167.0,236
156.3,229
158.7,247
153.6,230
165.3,243
166.3,245
163.9,245
170.4,244
153.7,230
163.5,238
165.8,235
172.7,240
156.5,226
157.5,240
156.8,233
154.5,234
157.3,229
162.5,228
158.3,227
161.9,231
157.2,238
162.1,233
166.2,235
154.5,233
161.4,241
161.5,246
162.5,244
155.0,230
159.7,239
156.8,209
164.9,232
174.9,248
165.6,236
153.0,238
169.0,249
151.2,233
159.6,237
166.8,256
160.8,235
156.7,237
160.2,241
158.3,238
166.0,249
161.0,230
158.4,235
166.6,231
169.7,249
176.6,252
187.5,276
174.3,262
162.6,242
165.1,246
177.8,258
174.7,262
172.5,247
172.6,257
164.1,231
177.3,254
166.6,250
168.9,243
171.6,249
160.8,241
183.6,260
165.3,251
176.0,242
164.4,241
175.5,252
170.1,244
166.4,255
170.3,261
175.7,257
169.8,251
163.2,252
166.8,241
176.2,267
167.3,239
178.5,273
175.2,261
167.2,232
173.7,252
178.5,264
167.7,246
174.5,257
158.9,234
158.3,237
158.4,228
149.3,212
162.3,230
157.3,236
157.7,237
163.5,237
166.3,243
157.8,223
154.8,237
173.0,228
152.8,218
149.0,225
163.5,235
165.1,242
159.3,230
164.4,225
168.9,237
157.6,225
169.8,242
160.8,231
162.4,225
159.2,222
156.2,222
161.3,214
165.2,249
155.0,228
150.3,212
152.8,227
159.4,222
161.2,236
161.5,230
164.3,239
158.2,221
159.4,224
163.3,251
163.9,240
160.7,228
158.7,228
159.8,225
157.5,226
171.2,248
166.0,251
176.2,265
176.3,241
174.6,261
171.7,254
174.7,261
166.5,255
178.4,251
168.7,242
176.1,264
179.7,267
175.2,272
169.6,255
165.6,245
172.3,255
170.2,252
172.8,262
164.7,248
172.5,253
162.9,257
162.9,252
169.8,260
174.1,253
165.6,260
165.0,240
167.8,250
168.9,247
175.8,264
172.7,257
179.5,277
171.0,237
172.0,256
162.5,251
177.5,264
177.5,259
169.2,248
174.8,254
178.0,252
174.8,260
162.7,240
152.8,217
158.4,237
159.6,236
160.4,224
156.4,227
164.3,233
167.8,236
153.7,229
170.2,237
166.7,233
157.6,233
156.8,237
153.7,232
168.5,232
163.6,223
162.7,230
166.0,235
166.3,236
160.0,244
152.4,237
165.0,230
162.8,230
159.0,228
164.6,234
153.1,220
158.4,221
177.6,255
157.1,241
157.3,223
158.3,237
156.1,223
156.6,222
161.9,232
157.7,233
152.3,226
157.3,235
162.9,238
170.8,245
162.7,236
174.1,264
165.4,253
172.0,249
165.8,267
171.5,259
179.2,259
177.9,253
160.1,236
159.5,233
163.6,247
167.5,251
165.7,227
164.5,240
178.8,255
179.5,257
175.2,256
178.8,269
163.4,250
160.6,235
176.0,270
171.5,264
170.3,245
170.8,261
178.8,260
171.3,243
170.7,255
173.1,265
173.8,244
178.9,287
164.4,243
165.2,244
173.1,262
178.3,258
174.2,261
167.2,256
170.3,264
172.4,254
168.1,259
170.0,244
163.5,245
165.6,254
168.4,253
171.3,254
172.5,252
173.2,271
171.8,252
182.5,273
172.4,248
165.3,236
179.2,266
171.0,253
176.8,265
174.2,259
175.9,248
178.0,248
175.4,260
174.4,241
166.5,245
163.9,237
165.3,250
168.9,242
162.5,243
172.3,256
169.9,248
164.6,247
168.4,245
167.0,249
165.6,237
174.7,262
178.5,274
161.3,236
160.3,225
178.8,265
174.8,253
179.7,256
171.2,258
169.6,263
160.2,224
157.8,237
158.7,230
166.6,245
156.7,221
158.5,223
158.0,238
170.0,243
168.5,244
149.9,218
151.0,232
160.1,213
160.0,213
160.2,237
156.2,220
156.2,228
158.3,227
153.4,249
161.2,232
157.4,236
158.7,245
162.0,247
172.7,246
158.3,218
174.4,254
149.9,218
166.5,243
153.8,222
157.5,233
155.3,235
155.7,234
161.2,233
165.5,244
164.7,223
173.8,263
174.2,248
173.2,252
169.2,236
168.7,259
175.4,256
178.9,263
162.7,239
169.8,242
163.8,241
168.3,239
169.3,260
164.8,245
162.3,242
163.0,237
169.5,257
171.4,256
175.0,266
181.1,259
168.2,256
171.2,246
161.8,237
161.9,236
172.6,255
160.4,232
150.4,222
163.9,238
166.4,243
157.6,217
160.3,246
160.3,239
159.7,228
158.6,241
159.3,232
159.3,228
161.9,240
150.7,224
155.2,247
155.4,229
164.0,238
161.1,230
166.3,248
162.3,220
167.5,234
150.5,229
145.8,219
161.2,233
166.5,246
159.9,234
160.9,246
156.7,230
147.3,225
163.8,233
162.5,237
148.7,229
162.5,224
174.4,256
162.4,253
160.2,233
162.1,243
164.3,231
162.2,245
163.5,248
157.0,239
155.6,239
168.9,232
183.4,261
181.6,262
161.5,228
169.7,241
169.8,246
157.8,242
159.6,221
165.9,235
160.6,225
143.8,187
162.7,235
171.5,233
159.7,230
154.8,209
164.5,225
172.7,256
176.2,247
176.8,246
166.1,239
174.1,247
171.4,242
171.2,255
166.9,247
154.8,235
168.8,241
163.5,232
153.5,222
174.2,253
168.5,240
168.8,241
171.5,247
174.3,261
174.8,255
165.4,244
174.1,256
